No.;Time;Comment;Scramble;Date;P.1
1;19.20;;R B2 F2 L' D2 F2 L U2 B2 U2 R2 U B' L2 D' B2 L' D' U' L2;2025-10-25 20:52:43;19.20
2;22.06;;R' D' L2 U2 B2 L' D2 R' U2 B2 F2 R D2 L' F' L' B' U F D' B;2025-10-25 20:53:54;22.06
3;21.06;;F' D' B2 U' B2 U2 B2 F2 D' L2 B' L' U2 L' D U R B' F2;2025-10-25 20:55:41;21.06
4;20.47;;B D R2 U2 R2 B2 D2 B R2 F' L2 U2 B' U' R2 U2 R' F' L F';2025-10-25 20:56:34;20.47
5;16.88;;D L' F R' F B2 R D' R2 B2 U2 F2 D' R2 U L2 F2 L2 B' U;2025-10-25 20:57:25;16.88
6;17.30;;B2 F2 U' B2 R2 D' R2 U2 R2 B2 L2 D B' D' F R D' L U' B' L';2025-10-25 20:58:08;17.30
7;13.93;;U2 D L B L' B2 L D B2 D2 B2 L2 U F2 U R2 D B' R';2025-10-25 20:58:49;13.93
8;22.50;;R B R2 D2 F D2 B' U2 L2 F' R2 F2 R2 L B' F2 U B R B' L;2025-10-25 20:59:34;22.50
9;18.13;;B' D L2 F2 L2 F' D2 B D2 F' D2 L2 F L B D R2 D2 L2 R';2025-10-25 21:00:38;18.13
10;16.71;;L2 B2 U' F2 D' F2 R2 D B2 L2 D2 L B2 L F U2 F R2 D2 F D2;2025-10-25 21:01:17;16.71
11;21.99;;B' L2 D2 F2 R' B2 U2 L B2 U2 L' R D R D R D R2 B';2025-10-25 21:02:22;21.99
12;18.69;;B' F2 D L2 F2 D R2 U R2 D2 R U' B2 R' U2 B' F2;2025-10-25 21:03:15;18.69
13;18.07;;B2 R2 U B2 L2 B2 D' F2 D' L2 D B' R U2 R' U' L B D B' F2;2025-10-25 21:05:49;18.07
14;15.60;;D L B' D' F' B U2 D' F' B' D2 F' U2 L2 B' D2 R2 U2 B2 U2;2025-10-25 21:07:23;15.60
15;18.15;;R' F2 L2 B' L2 F' D R2 U2 F2 L' B2 U2 R' F2 L2 F2 L' B2 D';2025-10-25 21:09:15;18.15
16;20.17;;F2 R' D2 B2 U B2 R2 U B2 F2 U' L2 F2 U B' R2 F U2 R' B' L';2025-10-25 21:10:03;20.17
17;12.85;;B' U L2 B2 R' U R D2 B L2 F U2 F2 D2 F' L2 F2 R2 B L' U';2025-10-25 21:11:08;12.85
18;19.23;;R' B2 L2 D2 B2 U' B2 D B2 D L2 R2 B' D2 L' F L2 D2 F' U' R';2025-10-25 21:11:54;19.23
19;23.41;;R' U' L' U' R2 B2 L2 U L2 U2 B2 D' B2 L B U L U' B2 L;2025-10-25 21:13:03;23.41
20;13.69;;L2 U2 L2 F L2 R2 D2 F' D2 U2 R2 F U F' U' L B' F2 L R' U';2025-10-25 21:13:45;13.69
21;16.81;;F' U2 R F2 L' B L2 U' F2 L2 D L2 B2 D2 B2 U' R2 D2 L U';2025-10-25 21:14:18;16.81
22;28.88;;F R' L2 F R L2 U' B2 L F2 L F2 R2 U2 L B2 R' D2 B2 U R;2025-10-25 21:14:56;28.88
23;20.86;;B R' U' F2 R2 D' R2 B2 D' U2 L2 U' F D L2 R' D U B L;2025-10-25 21:15:48;20.86
24;17.46;;U' B R2 F2 L2 R2 U' F2 U2 L2 F2 L2 U2 F' D2 R U' B D2 B';2025-10-25 21:16:31;17.46
25;18.81;;L U2 R' L B' U B2 R' L2 U2 F' D2 B' R2 F' L2 B2 D;2025-10-25 21:17:10;18.81
26;18.74;;U' L2 D2 B2 L' R2 B2 D2 R U2 L' B D' F2 D2 R U' L' B;2025-10-25 21:53:12;18.74
27;20.29;;R2 D' L2 B2 F2 D' U' B2 D' L' B2 L' F' R' B F U F2 L';2025-10-25 21:53:50;20.29
28;18.91;;F2 R' B' U2 L' F2 D' B2 D2 F2 D2 L2 B' U2 F R2 B' L2 D F';2025-10-25 21:54:28;18.91
29;17.91;;D' R2 D L2 D L2 U2 B2 F2 U R2 B2 L R' D F U' B' F' R2 F';2025-10-25 21:55:07;17.91
30;22.03;;R D2 R2 U2 B2 F L2 R2 U2 B' R2 B D F2 L' F L' F2 R B';2025-10-25 21:55:46;22.03
31;17.53;;B R B2 D R2 F2 D F2 R2 U B2 F2 U' F' R2 B D' F2 D R;2025-10-25 21:56:35;17.53
32;20.24;;F' U2 L2 D' L2 U R2 U R2 U F2 R2 D' R' B' U L F' D B2;2025-10-25 21:57:17;20.24
33;21.27;;U2 L' F D B2 R D2 B U F2 B' L2 D2 F' U2 F L2 D2 B2 U2;2025-10-25 21:58:01;21.27
34;19.62;;D' F R2 D2 B' F D2 R2 D2 B L2 F' R' B' L' U' B F D F;2025-10-25 21:58:47;19.62
35;18.22;;U2 B' R2 F' L2 D2 B R2 U2 B2 R2 F2 L D F' L R2 F D2 B' D2;2025-10-25 21:59:23;18.22
36;17.26;;R U' F2 U2 F' L2 F2 D2 B' U2 B U2 F R2 D' B' L R' F U2 R';2025-10-25 22:00:04;17.26
37;17.72;;L D2 R2 B2 U2 B2 R U2 R U2 F U R2 D' F' U2 R D R2;2025-10-25 22:00:37;17.72
38;19.18;;B' R2 U L' F' D2 R' D' R2 U L2 D L2 F2 L2 F2 U R2 L U' L;2025-10-25 22:01:16;19.18
39;17.09;;L2 B2 F2 U F2 D2 F2 R2 D2 L2 U L2 R U2 F' D' R U2 B U F2;2025-10-25 22:01:51;17.09
40;17.76;;U' F2 L2 U' B2 D2 U' R2 B R' B F2 U' L U' L' U2 F';2025-10-25 22:02:23;17.76
41;18.67;;F' U2 B2 L2 R2 B' L2 B' F2 D2 L2 D' U L' D' R2 F L' R B U';2025-10-25 22:03:01;18.67
42;19.41;;B2 D2 L R2 U2 F2 L2 F2 R D B' U' B L B' D' R2 D';2025-10-25 22:03:35;19.41
43;17.22;;B D' B2 L U D R' L2 B D2 F2 L2 F R2 L2 F' L2 B L2 U B';2025-10-25 22:04:12;17.22
44;16.45;;L D R2 U' R L F' U F2 U2 F2 B2 R2 F2 L' D2 R B2 D2 B';2025-10-25 22:05:00;16.45
45;21.64;;B R' U' R' L2 D F L2 B' R F2 L' B2 R2 D2 L D2 R' B2 R2;2025-10-25 22:05:40;21.64
46;15.09;;L2 U' F L2 U2 B' D R' F2 L B2 R' U2 D2 L' B2 U2 B2 D2;2025-10-25 22:06:27;15.09
47;18.78;;D L2 D2 U' F2 R2 B2 U' L2 D' R2 F2 B U2 B L' R' B' L F L';2025-10-25 22:07:06;18.78
48;22.52;;B L2 F' L' B U' L F' R' B L2 D2 B' D2 F' D2 R2 F' R2 F L2;2025-10-25 22:07:55;22.52
49;20.75;;B' F2 L' D2 B2 R' F2 R U2 L' R2 U2 B D2 U' B' D' R2 B2 R F';2025-10-25 22:08:47;20.75
50;21.39;;B2 R2 F' L2 D2 B U2 F2 D2 F2 R2 U2 D R' B F2 D B2 R' F L2;2025-10-25 22:09:27;21.39
51;19.40;;B R U R B2 U2 F L' B' U2 R2 D2 R2 D' R2 U' R2 D2 F2 B2;2025-10-25 22:10:08;19.40
52;16.08;;F R2 F2 L2 B2 U R2 B2 D B2 L2 U2 L' B' D' L' B2 R2 U2 F' L;2025-10-25 22:10:45;16.08
53;22.99;;F2 L2 D R2 D2 U' R2 F2 D R2 B2 U L D B R D2 F L2;2025-10-25 22:11:19;22.99
54;18.66;;B2 D' L2 D F2 R2 U F2 U2 B2 L2 D2 R D2 B' L2 F' D L B L;2025-10-25 22:11:58;18.66
55;16.22;;B' R B L F R U2 R' D' F' L2 D2 B D2 B' D2 B D2 L2 B' R2;2025-10-25 22:12:36;16.22
56;18.48;;F' R' F D2 L2 B2 L2 U R2 D2 R2 U F2 U' R' F2 L F L D B;2025-10-25 22:13:13;18.48
57;18.35;;R' B L2 D2 B' L2 R2 F L2 D2 F2 L U' F2 U R2 F' D' L B';2025-10-25 22:13:52;18.35
58;17.94;;R2 D2 B' U' L2 B2 U2 R2 D R2 D' F2 R2 L' D' B' R' F D2 R';2025-10-25 22:14:32;17.94
59;15.30;;U' R' D2 L' F2 D2 U2 L U2 F2 L B2 L2 D' B2 D' F L' R' F';2025-10-25 22:15:11;15.30
60;15.63;;U2 F R2 B2 U2 F2 U2 L2 U2 F' U2 R2 U F R2 D' R' U' B;2025-10-25 22:15:43;15.63
61;20.26;;B' F2 D L2 R2 U2 R2 D' F2 L2 U F2 D L' B' F R F' L D2 U';2025-10-25 22:16:16;20.26
62;15.21;;B D L U2 B2 U F D' L' R2 U2 R2 U' R2 F2 L2 B2 U F2 D;2025-10-25 22:16:56;15.21
63;18.45;;F' L U2 F2 L2 B2 U R2 F2 U2 B2 U F2 U' L' B U2 B R' U L2;2025-10-25 22:17:31;18.45
64;18.61;;F2 R2 B2 L2 F2 D2 F2 U L2 F2 U' R' F2 D' B L' R2 F L' D' B';2025-10-25 22:20:34;18.61
65;17.41;;D U2 B U2 F L2 R2 U2 B2 U2 B' D2 U2 L' D L R' U' B2 D F;2025-10-25 22:21:05;17.41
66;14.88;;D2 F2 R2 B2 D' B2 U2 L2 U B2 U' B' D R' U2 B L F D L F2;2025-10-25 22:23:17;14.88
67;20.70;;D R2 D F2 D L B L2 F' R2 U' F2 R2 F2 R2 D' B2 D B2 U2;2025-10-25 22:23:53;20.70
68;15.71;;U R2 D' B2 U' L2 R2 D' F2 U2 B' D F' D' B2 R' F' L' R2 F2;2025-10-25 22:24:32;15.71
69;20.26;;U B2 L2 U L2 B2 U2 B2 D2 U' R B2 D' L' F D U2 L' F D';2025-10-25 22:25:20;20.26
70;20.80;;F D2 F2 U2 L2 B' U2 B D2 F2 D2 L U F2 D B' R2 D2 L2 F R';2025-10-25 22:32:33;20.80
71;16.78;;L' U' D B' R U' B L' B2 U2 F2 U' L2 D F2 U B2 U B2;2025-10-25 22:33:18;16.78
72;18.53;;F B' U L B2 U D R U2 F' R2 B U2 F2 D2 F R2 L2 F2 L';2025-10-25 22:33:50;18.53
73;15.77;;L D2 R2 U' F2 U B2 L2 B2 R2 U2 F L' D' L' F' U2 R' U';2025-10-25 22:35:28;15.77
74;19.93;;R2 U F' R D F B D' B U F2 U L2 U2 L2 B2 D R2 U' L2;2025-10-25 22:36:08;19.93
75;18.28;;R' U B2 L D2 R' U2 F2 R2 F2 R2 D2 B2 D' F R2 B' D' U B' U2;2025-10-25 22:38:54;18.28
76;16.80;;B2 F2 R D2 L' D2 R U2 L D2 B2 R' D B' D2 L B L' U L2 U;2025-10-25 22:40:07;16.80
77;18.60;;B R2 F' L2 D2 F' D2 U2 F2 R2 D2 B R D' F' R2 D2 R2 D F2 L;2025-10-25 22:41:12;18.60
78;19.18;;L' F2 U2 B D2 B' R2 B2 D2 B' R2 F' D' L2 D2 B' U' B' L U2;2025-10-25 22:44:23;19.18
79;18.91;;U2 R U L2 R2 B2 D B2 R2 B2 D2 L D U2 F D' U2 R' F;2025-10-25 22:44:58;18.91
80;22.86;;L2 U' D' L B' R' F' R' F' D2 F2 D2 F2 L2 B D2 F' R2 U2 B R;2025-10-25 22:45:41;22.86
81;18.42;;U2 B U2 B R2 F2 L2 B2 U2 L2 U2 L U2 B' F' R2 D L' F D2 R';2025-10-25 22:46:19;18.42
82;17.27;;R2 B' U2 F2 D2 R2 U2 F' L2 B R2 D F L B' F D2 F2 R U2;2025-10-26 22:34:46;17.27
83;19.04;;R F' D R2 B2 R2 D R2 D2 B2 D2 U' F2 R' U' F' U B2 L B2;2025-10-26 22:35:18;19.04
84;19.85;;R D' L2 U R2 D F2 U' R2 D2 F' L' B' L2 F2 D R' F2 U2;2025-10-26 22:36:08;19.85
85;17.90;;U R' D2 B' L2 B D2 U2 F2 R2 D2 F' D2 F R' B' L' R U' L2 F';2025-10-26 22:36:46;17.90
86;16.93;;U2 D' F' L2 D B D2 R' F2 R2 F2 U' B2 D' F2 D B2 R2 D R;2025-10-26 22:37:25;16.93
87;18.97;;F' L' F2 U B U R' F D' L2 D F2 B2 L2 D' L2 D' R2 D F2 L;2025-10-26 22:38:24;18.97
88;14.18;;R F2 L F2 U2 L' F2 L2 U2 B2 D2 B2 F' R' D2 R' D' U2 R U2 F;2025-10-26 22:39:08;14.18
89;18.49;;F U F' U' B' R U' F R U2 D2 R U2 L' U2 D2 L' U2 L' B2;2025-10-26 22:40:36;18.49
90;15.43;;F R2 F2 U2 F2 U F2 U' R2 U F2 B' L D' R U2 B' F2 L2 D';2025-10-26 22:41:23;15.43
91;17.42;;L2 U' L2 U F2 L2 D2 L2 D' L2 F2 R2 F' L R2 B' F R D' L B2;2025-10-26 22:42:22;17.42
92;18.24;;R' U2 B2 D2 U2 R F2 L' F2 R' B' L D R2 D' U' B' D' R' D';2025-10-26 22:43:16;18.24
93;17.38;;U' R2 F2 R2 B2 U2 L2 D U2 L2 U R D' L' R' F' L2 U' B R2 U2;2025-10-26 22:43:47;17.38
94;15.44;;F' D2 B2 U2 R2 F2 L2 B2 U' B2 D' F' L2 U' B2 D2 L' U L2 F;2025-10-26 22:44:33;15.44
95;17.48;;L F D2 L2 B' D F' U2 R' F2 D2 R2 F L2 B' L2 U2 R2 U2;2025-10-26 22:45:02;17.48
96;20.75;;D' R F R' B' R B2 L F D2 R2 F2 U' R2 L2 B2 U2 D' B2 D' B2;2025-10-26 22:45:37;20.75
97;22.62;;L' U F2 D L D2 R' F U' L2 D2 B2 L' B2 D2 L F2 R2 U2 L;2025-10-26 22:46:19;22.62
98;19.97;;F2 U2 L2 U2 R2 F2 U2 F' D2 F' L' U' F U2 L' B2 F2 R D2;2025-10-26 22:47:07;19.97
99;17.08;;F' D2 L D2 L' B2 L' D2 R D B D2 R2 D2 B U R2;2025-10-26 22:48:02;17.08
100;18.58;;R' F L2 B L2 D2 B2 L2 D2 B2 U2 L B' D F2 U' R2 D2 B R';2025-10-26 22:48:46;18.58
101;19.32;;L' B2 D' F2 L2 U2 L2 D2 U R2 U L2 F' D' R' B' F D' F U';2025-10-26 22:49:40;19.32
102;18.68;;B L' B2 F2 R' B2 L U2 B2 L2 D2 L2 F U L' F R' B2 D;2025-10-26 22:50:10;18.68
103;13.85;;B' U' L F' B2 D' B2 R' F2 R2 F' L2 D2 L2 B D2 B L2 D2 U;2025-10-26 22:50:41;13.85
104;23.26;;B' D B2 U' F2 D' B2 U' L2 R2 U2 R2 L U' L2 D2 B' L' D' F L;2025-10-26 22:51:47;23.26
105;19.35;;U2 D F2 D2 F L' D' F D2 F R2 F' L2 D2 L2 U2 F' R2 L' U;2025-10-26 22:53:00;19.35
106;19.92;;L B U2 F2 R' F2 L2 D' L2 F B2 D2 B' U2 R2 L2 F L2 F2 R;2025-10-26 22:53:36;19.92
107;18.47;;R U2 F2 R2 B2 R D2 R' U2 B2 U2 R D' R' F' L B' L' D' U2 F2;2025-10-26 22:54:35;18.47
108;21.71;;F2 L2 F L2 D2 F' D2 R2 F D2 B2 D' R B' D2 B' R' D' U R;2025-10-28 15:55:57;21.71
109;15.83;;U2 B2 U2 L2 B' L2 U2 B L2 U2 R2 D' F R U' L F2 U2 B U' L';2025-10-28 15:56:39;15.83
110;14.35;;D R2 B2 U R F L2 U' D R' U2 B2 R2 F2 L B2 L2 U2 F2 R2;2025-10-28 15:57:19;14.35
111;17.58;;L2 D2 F2 R2 U' R2 U L2 U' F2 L2 B U2 F R2 U L' B2 U' L;2025-10-28 15:57:47;17.58
112;14.60;;D L U L2 U2 F2 D2 B2 R2 B2 D F2 U2 R2 F' R B F' R' D2 R2;2025-10-28 15:58:23;14.60
113;24.45;;U B2 F2 D F2 L2 R2 U2 L2 B2 U' F U' R' U B2 U2 L B R';2025-10-28 15:58:58;24.45
114;21.21;;R2 D2 F U2 R2 F R2 B F2 L2 F' R' D B' D R U R2;2025-10-28 16:01:29;21.21
115;11.64;;F2 B L2 F2 U' B L D F U2 F L2 B' D2 R2 U2 F L2 F';2025-10-28 16:02:04;11.64
116;20.27;;L2 F R2 B R2 B2 D2 L2 D2 L2 F L2 R' B' R2 F' L F' U' B2 R';2025-10-28 16:02:45;20.27
117;17.26;;L2 F2 D2 F' L2 F2 D2 R2 B D2 B R' D L2 U F D2 L R' D';2025-10-28 16:05:17;17.26
118;19.18;;F U2 R' U2 L2 F2 D2 R D2 L' B2 F2 L' U B' L' F' D2 B U;2025-10-28 16:06:03;19.18
119;19.42;;L' U' D2 F' D' F' L B2 L2 F2 U' R2 D F2 U B2 D' B2 D R' U;2025-10-28 16:06:34;19.42
120;19.48;;U D2 L F B' U R U' L D F2 B2 U' L2 U2 L2 B2 R2 F2 D' L2;2025-10-28 16:07:05;19.48
121;16.92;;R D2 U2 F' U2 B' L2 F' U2 R2 F' L2 D L U F' L' B2 F2 D' L2;2025-10-28 16:07:38;16.92
122;22.01;;B' D' R B' D' B' R2 L' B U2 B2 R F2 L U2 D2 B2 R' L2;2025-10-28 16:08:11;22.01
123;20.33;;U2 B R2 U B2 U' F2 D F2 D2 B2 L2 R D2 B D' B2 F2 L' F;2025-10-28 16:09:36;20.33
124;17.42;;B U2 B2 R2 B' R2 F' R2 F U2 F' R2 L' B2 D' R' D' B2 L U' B2;2025-10-28 16:10:18;17.42
125;15.68;;U L2 F' U' L2 U2 R2 D2 B2 D' B2 U2 F2 L' D F' D2 B L2 D;2025-10-28 16:10:49;15.68
126;15.53;;L2 D L2 F2 D2 B2 U' B2 D L2 R2 U' B' L U F' D' B F U' B2;2025-10-28 16:11:21;15.53
127;17.65;;D' R2 F' D' L B' D L2 B R' D2 B2 R D2 R2 D2 B2 U2 B2 R;2025-10-28 16:11:50;17.65
128;25.68;;D' R2 U2 B' L B L2 B F2 L2 F2 U2 R2 D R2 U L2 D' R2 D' F;2025-10-28 16:12:36;25.68
129;29.87;;R' F' L F' D B' L B2 U2 F' R2 U2 F' R2 B' U2 D2 L2 R' F2;2025-10-28 16:13:17;29.87
130;17.28;;R2 D U B2 F2 D F2 U R2 F2 B' U L' R' B U2 L B L' R2;2025-10-28 16:14:27;17.28
131;15.35;;D2 U F2 R' B2 U2 L B2 D2 R' F L' B D2 F U' L' R2;2025-10-28 16:15:02;15.35
132;15.92;;L' U2 D' R' B2 L B2 U' R2 L2 F' L2 B U2 L2 D2 L2 F' L2 R;2025-10-28 16:15:42;15.92
133;26.01;;U' B2 U2 R D2 R' U2 R D2 F2 R' B2 U B' F' L' R2 F2 D2;2025-10-28 16:16:11;26.01
134;19.61;;U2 R' D2 U2 R2 B2 R D2 B2 U2 R' F' L' R F' D2 L' U R' B;2025-10-28 16:16:51;19.61
135;15.44;;B2 U' B2 L2 D F2 D R2 F2 D U' F L' R2 B' L B2 U R' D' F;2025-10-28 16:17:24;15.44
136;13.60;;D2 L2 U2 B2 L B2 R D2 R' F2 D2 L' F' D' L' U' F L2 F2 R D2;2025-10-28 16:18:00;13.60
137;14.73;;U' L2 B2 R F2 D2 B2 U2 R D2 R' B2 U' R B' D' U' L' B2 L;2025-10-28 16:18:27;14.73
138;17.77;;B R2 U2 B2 R' D2 L D2 R B2 L R2 B L2 B2 D' L2 R' B2 D;2025-10-28 16:19:03;17.77
139;17.72;;B' D U2 B R2 B2 R2 F2 D2 B D2 U2 L2 F D' R' U F2 L' B' D;2025-10-28 16:19:47;17.72
140;17.15;;U R2 F' D2 L' D2 L F2 R2 F2 U2 B2 L' R' B U B2 L R2 B2 F2;2025-10-28 16:20:28;17.15
141;25.89;;R U D2 L' D2 U2 L F2 L U2 L2 F2 U2 B D2 U' F' U2 R2 B2;2025-10-28 16:21:06;25.89
142;23.37;;B R D R2 F2 L2 R2 D' L2 D2 U' B' F' D' L' U2 B2 F' R';2025-10-28 16:22:52;23.37
143;13.52;;D2 F L2 F' D2 R2 D2 U2 F' U2 F' L' D F2 L' F2 L2 U' L' U';2025-10-28 16:23:44;13.52
144;17.15;;B' U2 L2 D' R2 U' L2 U B2 L2 B2 F' U' B' U' L' D' R U2 B';2025-10-28 16:24:15;17.15
145;14.26;;U' R2 B F2 R2 D L2 U F2 D' R2 U B2 U L R U' B' R F' U;2025-10-28 16:24:47;14.26
146;18.27;;B D2 R2 F2 L2 B' F2 L2 F R2 U2 L2 U B2 F2 L' D R2 U2 R;2025-10-28 16:25:16;18.27
147;20.00;;U2 B' U2 L2 B2 R2 B L2 R U F2 R D2 U R' B L2;2025-10-28 16:25:58;20.00
148;15.25;;B' F2 R2 B D2 R2 F' D2 B U2 L2 U' B U2 L2 R' D2 B2 F R2;2025-10-28 16:27:12;15.25
149;18.07;;U2 L R2 U2 B2 L' R2 D2 U2 R' F L' F' R B2 D L' D U2;2025-10-28 16:27:47;18.07
150;19.49;;L2 D' B2 R2 U' B2 R2 D2 B2 F2 R2 F' L' F U2 L F2 L2 R F';2025-10-28 16:28:23;19.49
151;19.24;;F2 L2 U2 L2 R U2 R2 F2 U2 F2 L' B2 D F2 L U2 L2 F' D' U' R;2025-10-28 16:29:18;19.24
152;23.04;;U' B2 R' U2 R' D2 L' B2 R' D2 U2 L' U' F D2 L2 F2 D' B L2;2025-10-28 16:30:00;23.04
153;22.54;;U L2 U' B2 F2 D' B2 U2 L2 U' L D U2 F' U L2 R2 B2 R F;2025-10-28 16:30:37;22.54
154;24.60;;U F2 U2 B2 L2 F2 D F2 U2 B U' R' D' B' D' R2 U F U;2025-10-28 16:31:18;24.60
155;22.92;;U B R' F2 B2 D F B2 U2 L2 U L2 U R2 F2 U' L2 D2 B' L';2025-10-28 16:32:04;22.92
156;17.91;;U' L B' R2 F R2 L F2 B L2 D2 B L2 U2 B U2 L2 B2 R U;2025-10-28 17:12:00;17.91
157;17.32;;B L' U2 F' L2 D2 R2 U2 F' D2 F' L2 F' U2 D R B' R2 U' F2 L2;2025-10-28 17:12:32;17.32
158;18.06;;L' U2 R B2 L D2 F2 L2 F2 U2 R' F2 U F' D2 B' L U2 B' R B;2025-10-28 17:13:03;18.06
159;23.57;;R2 D' L2 F2 D U2 B2 L2 R2 D2 R2 U' L B2 R2 B D L F2 R';2025-10-28 17:13:35;23.57
160;19.38;;L D2 B' D2 L2 D B2 R2 D' B2 F2 U B L2 F D' R U' R2;2025-10-28 17:14:10;19.38
161;21.56;;B2 L' D2 B L2 B2 F R2 U2 B D2 B2 D2 L B' F D L F' D B';2025-10-28 17:14:48;21.56
162;20.13;;F U' B2 U' L D2 F2 U' L' F2 D2 B R2 B2 L2 B2 L2 B' U2 L2;2025-10-28 17:15:21;20.13
163;15.15;;B R2 D2 U2 F2 D2 R2 B U2 F2 L2 B' U L F L2 R D B U2;2025-10-28 17:15:53;15.15
164;19.92;;B' F L2 U2 F2 L2 D2 F D2 R2 L' B2 R' D F U R U' B R;2025-10-28 17:16:21;19.92
165;21.42;;R B2 D2 B2 U2 R U2 R F2 R D L2 D' F U' R U2 R' B;2025-10-28 17:16:53;21.42
166;14.89;;U2 L2 B L2 U2 R2 D2 B R2 F2 R2 F R D L F' U2 L' F L2;2025-10-28 17:21:07;14.89
167;18.99;;U2 B2 L' D2 R B2 D2 R2 B2 D F' L F' L2 R U L2 R;2025-10-28 17:21:34;18.99
168;21.37;;L2 F2 L2 D2 F R2 D2 F' L2 D2 B' R2 U B2 R' B' L' B L' U';2025-10-28 17:22:08;21.37
169;16.55;;L2 F2 D F2 U R2 D' B2 D R2 U F' L U B L D' L' U' R B';2025-10-28 17:22:43;16.55
170;23.97;;F' U L2 B' U2 F L2 D2 R2 F2 R2 B' U' L U F2 D2 L F2 D';2025-10-28 17:23:11;23.97
171;23.35;;F' L D B2 U F2 R2 D2 L2 U B2 D F2 D2 R D' R' B R B U;2025-10-28 17:23:50;23.35
172;17.15;;F' R' L2 D2 B2 D' L2 F2 R2 F2 D R2 D R2 B R F2 R' U F';2025-10-28 17:24:26;17.15
173;16.16;;B U2 D R2 B R F D B2 R2 U2 F2 R2 D' B2 U B2 D2 R2 B L2;2025-10-28 17:24:59;16.16
174;20.51;;F D' B F U2 B' R2 F' L2 F' U2 L2 R' F L2 F2 D2 U' R2;2025-10-28 17:25:31;20.51
175;14.36;;B' D F2 R2 U' F2 L2 D' B2 U' B2 F2 D' B' R2 F U' L' U' B2 U2;2025-10-28 17:26:07;14.36
176;18.92;;F2 D' B2 R2 D2 F2 U2 R' U2 R U2 B2 R' U B' D L' D2 U2 R';2025-10-28 17:26:33;18.92
177;21.16;;D F L2 R2 D2 B2 U2 F' U2 F' L2 F2 R' D' B R D L2 R' B2 L;2025-10-28 17:27:04;21.16
178;14.06;;R F2 B' R2 L2 U R' L2 B2 L2 B' L2 F L2 B2 R2 U2 R2 U L;2025-10-28 17:27:35;14.06
179;16.34;;F' L' U2 L' F2 U' R' B F2 R2 D L2 D L2 U2 B2 D2 B2 U2 R;2025-10-28 17:28:06;16.34
180;19.37;;R' B U' R L2 U R F R U2 R' D2 L' F2 B2 R' B2 R F2 D2 U';2025-10-28 17:28:34;19.37
181;20.12;;U2 L' F D' B2 D' F2 L' F2 R U2 L' U2 B2 R D2 R2 F2 B;2025-10-28 17:29:07;20.12
182;17.92;;F2 L U2 B D2 F' R2 D2 F R2 B2 R2 F L' D2 U' F2 R D L' B';2025-10-28 17:29:46;17.92
183;16.44;;F U F' D R2 U L2 B2 L2 F2 U2 B2 U' B2 F' U2 R F2 U' R B2;2025-10-28 17:30:15;16.44
184;12.05;;L2 B2 U L2 D' B2 L2 U F2 R2 D' F2 B' U' L2 D R2 F U' R U;2025-10-28 17:30:55;12.05
185;15.26;;R' U2 L2 F2 D2 F2 D2 R2 B2 D L' B' D' L' D' R' D B2 F;2025-10-28 17:31:19;15.26
186;19.27;;R2 D2 F2 U2 F R2 B F' L2 R2 U2 R U2 B' U F' U' R' F2 D L2;2025-10-28 17:31:49;19.27
187;15.72;;F2 L2 D B2 F2 U2 B2 L2 F2 L2 F2 R' U L U F U2 F U' R';2025-10-28 17:32:20;15.72
188;16.07;;L' D2 B R2 L2 U L' U2 B R2 L2 U2 F' L2 B2 D2 F2 D B;2025-10-28 17:33:30;16.07
189;20.36;;D' R' U2 L' B2 L' B2 F2 D2 L U2 R' B2 D' B F' R2 U' B U;2025-10-28 17:34:00;20.36
190;20.08;;B2 R2 U2 R2 U2 B L2 R2 D2 R2 F2 U' L' D B2 D' B' F U B;2025-10-28 17:34:33;20.08
191;18.10;;L2 U2 L2 B2 U' R2 D' L2 B2 D' U' L D' R2 U L2 B' D R' B F;2025-10-28 17:35:07;18.10
192;20.41;;U R' F U L2 D2 R' F2 U' L2 U F2 D B2 L2 D2 B2 D2 F D2;2025-10-28 17:35:42;20.41
193;21.92;;D2 L' R2 U2 B' U2 B R2 F R2 D2 R2 F2 R2 D' U' F' L' D2 U2 F;2025-10-28 17:36:18;21.92
194;18.36;;B' D R F L F U' F B2 D2 F2 U' B2 L2 D2 L2 U' L2 F2 R';2025-10-28 17:36:51;18.36
195;20.91;;D' F R' U' L' U' R L2 D2 F2 L2 F L2 D2 B U2 R2 U R;2025-10-28 17:37:49;20.91
196;17.38;;U B U2 R2 U' L2 F2 D' F2 U' R2 U B' L D R2 D' R D U2;2025-10-28 17:38:21;17.38
197;16.09;;B D L' F B' U' L U' B F2 R2 F2 D2 L F2 L' B2 R' U2 R';2025-10-28 17:38:52;16.09
198;18.45;;F2 U B2 R2 D R2 D2 U2 B2 R2 L' F' U R2 F2 D B F2 R' D';2025-10-28 17:39:21;18.45
199;14.31;;L' F' R B D F U' B L' F2 D2 L' D2 L' F2 R U2 F2 L D;2025-10-28 17:39:55;14.31
200;17.63;;F' L' F2 L2 D B2 D' F R' D2 L2 D2 R2 B2 U2 F2 U R2 F2 U2;2025-10-28 17:40:37;17.63
201;22.27;;B2 U' B2 U' R2 U L2 U B2 F2 L B R' F D2 U F2 L F2 L2;2025-10-28 17:41:12;22.27
202;23.86;;R B' L2 B D2 B R2 B' R2 F' D2 F' U' F2 D' F' L R2 F2 D2 F;2025-10-28 17:42:43;23.86
203;18.10;;L B2 U' L2 U' L2 U' L2 U L2 U2 B L U2 R D' L R2 D' R';2025-10-28 17:43:51;18.10
204;16.74;;L' F' L' F2 L2 U2 L' B2 F2 D2 B2 R' F2 R' U' F L F2 D';2025-10-28 17:44:23;16.74
205;18.94;;F2 R2 D L2 D' R2 D2 L2 U2 B2 R F' D' B R2 F L' D F2 U';2025-10-28 17:47:54;18.94
206;18.37;;D' R' F2 L2 B2 D2 F' D2 F' R2 U2 F' D' U' R2 B' L R2 F';2025-10-28 17:48:49;18.37
207;21.68;;R U R2 B U2 R B' L2 U2 B2 D F2 U2 B2 U R2 U2 B2 F' D2;2025-10-28 17:49:28;21.68
208;15.46;;D2 R2 D U2 F2 D R2 F2 U' F2 U2 B U L' D2 B' L' U' R' B D';2025-10-28 17:50:01;15.46
209;11.66;;U R' B2 R2 B2 F2 U F2 L2 B2 L2 U2 F2 B' U B2 D F D F2 R2;2025-10-28 17:51:13;11.66
210;17.27;;B2 R2 D L2 D' B2 D R2 U' F2 R2 F' R' U2 F' D2 R' D U' B';2025-10-28 17:51:48;17.27
211;25.42;;U' B2 D' B2 D2 L2 D F2 L2 R2 D' B F D' L' B L2 B2 D L D';2025-10-28 17:52:26;25.42
212;29.18;;L2 B' U' B2 U' L2 F2 R2 B2 U2 F2 R2 U' L F2 R' D R B F2;2025-10-28 17:53:07;29.18
213;17.56;;D R' F2 D' L' F U D2 R2 D2 R L2 U2 L U2 R F2 D2 F;2025-10-28 17:53:57;17.56
214;21.61;;F2 L' F' B U2 L2 F2 B' U' B2 L D2 R2 F2 L' U2 B2 R2 F2 L U2;2025-10-28 23:27:07;21.61
215;21.39;;R D B2 U L2 D2 L2 B2 U B2 R2 D' F2 R' F2 D B' D L' F U';2025-10-28 23:27:48;21.39
216;17.55;;L2 F R' U D2 R2 B' D F2 U2 D2 L2 D2 F U2 F2 D2 F L2 U2;2025-10-28 23:29:08;17.55
217;21.01;;D2 F2 U2 R2 B2 U2 L' U2 B2 D2 F2 D F U F' D L B' L2 R';2025-10-28 23:29:41;21.01
218;16.61;;U' D2 L2 B' D2 L2 B D2 B F2 L2 D2 F D' B' L' D F' U' F' L;2025-10-28 23:30:18;16.61
219;15.04;;B D2 B2 L' U B2 R U F D2 L' B2 L' F2 B2 R D2 B2 U2 R';2025-10-28 23:30:54;15.04
220;18.51;;B2 R' D' R2 F2 L2 D' B2 D R2 U L2 U2 R' B D R B D B;2025-10-28 23:31:29;18.51
221;26.57;;L2 F' R' B2 F2 D2 B2 L2 U2 L2 D' B2 F2 R F' R' D2 R D' U2;2025-10-28 23:32:06;26.57
222;24.85;;F L U R' B2 U2 B2 F2 R B2 D2 R' D2 U2 F R D U' F' L' D';2025-10-28 23:32:45;24.85
223;17.39;;L U B D F2 U' B2 U2 F2 U' R2 D U' F2 L' F' L' F2 L2 R D;2025-10-28 23:34:55;17.39
224;19.00;;R D2 F' D U2 F2 R2 U2 L2 F' U2 L2 F' U2 R B U2 R D' L' F';2025-10-28 23:35:48;19.00
225;16.88;;U L2 U B' L F' U' R D2 L U2 R2 L2 B2 U R2 U' B2 D' L2 B2;2025-10-28 23:36:21;16.88
226;22.75;;L F2 L2 U2 B2 R2 U F2 L2 U' F2 U' B' D' F' L U' B2 R;2025-10-28 23:37:09;22.75
227;16.05;;L U2 F L2 F2 D U' F2 L2 U' F2 U' R2 F2 L' F L' B2 L R U';2025-10-28 23:37:46;16.05
228;23.02;;R2 U B2 L' U2 F2 L U2 F2 R F2 U2 R' B' L' U' R U2 F2;2025-10-28 23:38:14;23.02
229;22.29;;D L F' L2 R2 D' B2 F2 U R2 F2 D L2 R2 B' D B L' U' F2 R;2025-10-28 23:38:54;22.29
230;18.88;;U2 D L B R' B2 U2 L D' U2 R' F2 B2 R' F2 R U2 L2 B2 D2;2025-10-28 23:39:29;18.88
231;19.23;;R F D R' U2 R' D2 F2 D2 R' D2 R' F2 R' F' U L F D R' F2;2025-10-28 23:40:04;19.23
232;19.98;;R2 F U2 R D2 R D2 F' U B2 U2 L' U2 R' D2 B2 L D2 L' F2 D2;2025-10-28 23:40:41;19.98
233;16.83;;R L2 D' F2 D L2 D L2 D2 R2 F2 B D U2 L' D2 R2 B' F' U';2025-10-28 23:43:14;16.83
234;20.56;;B D L2 B L2 U2 F2 U' R' U2 L2 U2 D' L2 F2 U' B2 U2 B2 D2;2025-10-28 23:43:52;20.56
235;20.19;;F' U2 B2 L2 R2 U F2 D' B2 U2 F2 U' F' U L2 B' L' R2 U B2;2025-10-28 23:44:25;20.19
236;19.42;;R D2 F2 L R2 B2 D2 U2 R D2 U2 L2 B' R F' D' U' R D2 L2 F;2025-10-28 23:44:58;19.42
237;19.87;;D R' F U F' U B' D' F2 U F2 U B2 L2 F2 R2 U' D2 F' R;2025-10-28 23:45:37;19.87
238;17.83;;L' F2 U2 L' F2 D' B D' B2 L2 U L2 U B2 L2 D' R2 B2 D' B;2025-10-28 23:46:13;17.83
239;11.58;;R' B' U2 F B2 U B' R' U L2 D' L2 B2 U' F2 L2 D' B2 L2 U' L';2025-10-28 23:46:47;11.58
240;17.70;;D B R D2 F2 L D2 R2 F2 L U2 R2 F2 R' F' D L D' R' D L;2025-10-28 23:47:24;17.70
241;21.88;;D' L' U B2 U' B2 L2 U' F2 U2 R2 U2 B L2 F' R' U B2 R2;2025-10-28 23:48:02;21.88
242;17.69;;R2 F' U B2 F2 U B2 R2 U' R2 F2 U2 R2 F' R B' D U2 F' R';2025-10-28 23:48:36;17.69
243;23.51;;B' R2 F2 U R2 L B R' U' D2 R F2 R' L2 B2 R2 B2 U2 R B2;2025-10-28 23:49:06;23.51
244;14.74;;L2 B2 U2 B2 F2 U' F2 D' L2 D R' D' B' U' B2 R2 F2 U2 F' U;2025-10-28 23:49:41;14.74
245;19.63;;L2 R2 F' U2 R2 U2 B L2 B2 F R2 B2 R' D' R' U2 B' U L F';2025-10-28 23:50:07;19.63
246;14.75;;D U2 L2 D2 L2 B' R2 B' R2 F' L2 B' R' B' R' U' F2 D B R' B;2025-10-28 23:50:42;14.75
247;18.03;;U2 B2 L2 U B2 D R2 D2 F2 U' L U' B U R' U2 B2 D' B2 F;2025-10-28 23:51:17;18.03
248;13.97;;R2 B R2 B2 D2 L2 B L2 R2 D2 R2 D L D' U' F2 L B R' D2 L';2025-10-28 23:51:53;13.97
249;16.93;;R2 U2 R' U2 R2 U2 B2 R D2 R' B2 U2 F' D B' L R2 B' L';2025-10-28 23:52:25;16.93
250;18.64;;B' U2 L' U' F2 D2 F U F2 R2 L' B2 U2 L B2 D2 R2 F2 L2;2025-10-28 23:53:00;18.64
251;14.72;;L2 D2 F2 D' L2 B2 L2 D B2 U' B2 D2 R U2 R B' U' B D2 R U;2025-10-28 23:53:43;14.72
252;19.90;;B' R2 D' F' U' F' L2 D' L' F U2 B2 U2 B2 L2 D2 B L2 U2 F;2025-10-28 23:54:13;19.90
253;17.97;;D B' L' U2 L B2 R' U2 R' U2 B2 U2 B2 L' D' F2 U' B D' B F2;2025-10-28 23:54:48;17.97
254;21.05;;F D2 F' R2 D2 B D2 R2 F' R2 F' L U R D2 F2 R' F L2 U';2025-10-28 23:55:20;21.05
255;18.86;;L F B L F D' B L2 U' B2 U' R2 U L2 F2 U D F2 R';2025-10-28 23:55:54;18.86
256;17.57;;L2 D2 R' L F U R B2 U R2 L2 F2 U2 L2 U' L2 D2 R2 D' B;2025-10-28 23:56:25;17.57
257;14.60;;L2 R2 B' R2 D2 B L2 F' L2 F L2 D2 L D' L2 F L2 U R U' R;2025-10-28 23:56:58;14.60
258;19.80;;D' R F2 L' D2 L' U2 F2 R2 B2 R U L B F2 L2 F' U' B;2025-10-28 23:57:30;19.80
259;18.84;;F2 L' B U' R' D2 F' B2 U2 D F2 B2 U' L2 U R2 F2 U R' F;2025-10-28 23:58:09;18.84
260;22.29;;B' R2 D2 B2 U2 R D2 B2 F2 R F2 U B' U' L2 D' F R2 D2 R;2025-10-28 23:58:40;22.29
261;18.09;;D2 F R2 D B2 U' B2 U R2 B2 D R2 U' R B F' D L B' L';2025-10-28 23:59:16;18.09
262;16.88;;F L' U L2 U' R2 U2 L2 B2 D U2 B2 R2 U' B' R D U2 B' U L';2025-10-28 23:59:49;16.88
263;17.46;;U R' F' B2 D' R2 F2 D2 L2 F2 U' B2 D' F' R2 D' F R' U2 B';2025-10-29 00:00:24;17.46
264;19.99;;R U2 R2 F2 D L U' L2 F U2 L2 F L2 F' R2 U2 B D2 F2 L' U';2025-10-29 00:00:54;19.99
265;21.69;;D2 L2 U2 B2 D2 L' D2 L2 D2 B2 R' F' D' U' L D' F' U' B F2;2025-10-29 00:01:27;21.69
266;17.96;;U' B2 U' L2 B2 U' L2 B2 U2 B2 U' R' U' B2 L F L' B2 L2 D2 B';2025-10-29 21:39:19;17.96
267;17.85;;R U' R F B2 R' D F U2 R2 L2 U B2 R2 D' L2 B2 D L2 U L';2025-10-29 21:41:05;17.85
268;13.92;;B' D' R U' L' F U' F U' F2 D2 L' U2 B2 R' D2 R2 B2 R' U2 F2;2025-10-29 21:42:31;13.92
269;16.39;;D' L' B' L2 B2 L2 R2 U2 F' L2 D2 B D2 L' B2 R' U L B F2;2025-10-29 21:42:58;16.39
270;15.76;;L D2 R2 U2 B2 R B2 L D2 L B2 L B D' R' F R U L' D2 F2;2025-10-29 21:43:30;15.76
271;12.29;;B R' B2 D B' D2 R D B2 L' F2 L D2 R U2 B2 U2 D2 R B';2025-10-29 21:44:11;12.29
272;14.32;;B2 D L2 D' R2 D' B2 U2 L2 R2 B R D2 B2 L F D' F2 D2 U';2025-10-29 21:44:44;14.32
273;13.77;;U R2 F2 U2 B2 D R2 B2 L2 D L' D R2 B' L R B D R2 F';2025-10-29 21:45:48;13.77
274;16.41;;L2 R2 U F2 U F2 U' B2 D L2 B2 D L F D L' F L2 B U F;2025-10-29 21:47:03;16.41
275;23.29;;D B U F U' B D L B' R2 U2 R2 L2 F' U2 R2 F U2 B2 L' F;2025-10-29 21:48:04;23.29
276;18.83;;U' B R F' U' R2 F' L B2 L2 D2 B' R2 F D2 F' R2 B L2 D2 R';2025-10-29 21:48:43;18.83
277;16.39;;L2 B' L2 D2 B D2 U2 F' L2 B2 L2 B D R F' L' U R B2 D2 F2;2025-10-29 21:49:19;16.39
278;19.30;;R2 D' F' U' F2 U2 L' F2 R2 D2 B' D2 B R2 F D2 L2 D' R';2025-10-29 21:49:47;19.30
279;15.76;;D' F' R2 U2 R2 U2 F2 D2 F D2 B R2 L' F R' D' L' D' F2;2025-10-29 21:50:33;15.76
280;15.62;;B' D2 L' U F2 U2 F2 R2 D L2 D2 U' L2 B' D' B' U' B2 R U;2025-10-29 21:51:00;15.62
281;15.41;;L F' R B L D' F R L2 U2 D2 F' R2 B U2 R;2025-10-29 21:51:41;15.41
282;16.63;;R2 L2 D B' R2 U D' R' U' B2 R2 U' L2 F2 D L2 U R2 F;2025-10-29 21:52:08;16.63
283;17.58;;U' B2 D R2 D R2 U B2 D2 U' L2 R' U2 F R F2 D' R D2 R';2025-10-29 21:52:48;17.58
284;14.81;;D R B2 L' U F' D' F2 L F D2 F U2 D2 F' L2 F R2 U2 L2 F';2025-10-29 21:53:39;14.81
285;18.86;;B2 R2 B U2 R2 B' R U' R2 U B2 D2 R2 B2 U D2 L2 R F;2025-10-29 21:54:36;18.86
286;25.99;;B2 D2 B' U2 B' L2 F2 D2 F D2 F R' B U2 R' F D U L R;2025-10-29 21:55:12;25.99
287;15.27;;F2 U2 L2 F R2 F' L2 F D2 F' R2 F' D' B R2 D2 F' L B2 R' F';2025-10-29 21:56:08;15.27
288;13.44;;U' L2 U R2 B2 U L2 R2 U R2 U2 R2 L F' U R2 B' L R2 U2 B;2025-10-29 21:56:37;13.44
289;18.27;;F2 L' B2 F2 D2 B2 U' B2 U2 R2 U B2 U2 L2 R' F2 U' F' U F2 R2;2025-10-29 21:57:22;18.27
290;15.60;;R2 D R2 D L2 D U L2 U' B2 R2 F' L' R U2 B' U' F2 U' R';2025-10-29 21:57:58;15.60
291;16.27;;R2 F2 L2 B F2 U2 F' D2 F' U2 F' D2 U' F2 U' L' D2 B D L2 R2;2025-10-29 21:59:42;16.27
292;18.32;;B' R U' L2 D R2 U' F2 L2 U' L2 B2 F2 U L R2 F2 U' B' D2;2025-10-29 22:00:12;18.32
293;14.52;;L2 U2 B2 D2 U' B2 U L2 R2 D R2 U' L' R' U' B2 R B2 R F' D';2025-10-29 22:00:43;14.52
294;14.91;;U L2 D2 U2 B' L2 F D2 L2 U2 L2 F U R' B' R' U B F R';2025-10-29 22:01:11;14.91
295;20.09;;F2 B2 R2 F U' L B L2 D F2 B2 U B2 U R2 F2 L2 D L F2;2025-10-29 22:02:40;20.09
296;13.75;;R U' B2 L' U2 L2 R' D2 L2 U2 B2 L U2 R2 F D' B' F2 D' R2 B;2025-10-29 22:03:18;13.75
297;18.08;;L2 U' R2 L' F2 B2 D F' L F2 L B2 R F2 B2 R2 B2 U2 R U2;2025-10-29 22:03:55;18.08
298;18.37;;D2 B2 R2 B2 R' U2 R F2 L U2 B2 R' U R2 D' B2 F' R2 D' R' B2;2025-10-29 22:05:01;18.37
299;15.40;;F2 L2 B2 R2 D2 R2 D2 F2 U' L' F' D U2 R U R' B2 R' U';2025-10-29 22:05:45;15.40
300;10.40;;B2 U' F2 U2 F2 D L2 D' L2 F2 D' U' F U' B L' D' L' F' D;2025-10-29 22:07:14;10.40
301;19.46;;U' L2 U2 R2 B D2 F' L2 D2 F' L2 B' R2 U' R' F D2 U2 F2 D2;2025-10-29 22:10:50;19.46
302;20.50;;L U' R' D2 L' B U F B2 R2 U R2 F2 R2 B2 R2 U D B2 U;2025-10-29 22:11:22;20.50
303;16.69;;L F2 U2 L F2 U2 L2 D2 L F2 D2 L' D B L2 U F' D F2 D L';2025-10-29 22:12:04;16.69
304;12.24;;F R' L2 D2 F2 D' B2 F2 L2 B2 U' L' U' F2 L2 U B D F';2025-10-29 22:12:52;12.24
305;17.98;;D2 B2 D2 B2 U2 F' U2 L2 U2 F2 D2 B R' D F' D L2 U F' R2 B';2025-10-29 22:13:21;17.98
306;16.64;;B2 D2 B2 L2 U F2 U B2 U' L2 U' L B' R' B F' L' B F2 R';2025-10-29 22:14:00;16.64
307;17.80;;U B' D2 F' R2 F' U2 L2 F' L2 U2 F L F' U' L F2 R2 D B';2025-10-29 22:14:36;17.80
308;17.70;;F2 D2 R2 U L F' B U R2 L' B2 R' U2 D2 L U2 R' D2 R F;2025-10-29 22:15:16;17.70
309;17.51;;R2 U' L F L D R F' U2 L2 F' R2 F' U2 F2 D2 L2 F U2 D L;2025-10-29 22:16:07;17.51
310;22.27;;D B' R' U2 F2 R' B2 L2 B2 R' U2 R' D' L' U2 B2 U B' D';2025-10-29 22:16:38;22.27
311;18.57;;F2 D R2 D' R2 F2 U2 L2 F2 D2 U' R F' D2 B' F D U' R B' D;2025-10-29 22:17:14;18.57
312;19.13;;B' D U2 F2 U' R2 U' B2 F2 D2 U' L U' F2 R2 U' R' B F D';2025-10-29 22:17:43;19.13
313;18.00;;U2 D R D L2 D' L F' D2 F U2 B2 U2 L2 B D2 B R2 B L F';2025-10-29 22:18:16;18.00
314;15.44;;U2 B D U R2 F2 R2 F2 D' L2 U R2 B' L2 B L' D2 F L;2025-10-29 22:18:47;15.44
315;21.66;;U2 R' U2 B2 F2 R' F2 L2 D2 U2 B2 D B2 F U' L' D B U F L';2025-10-29 22:19:17;21.66
316;18.87;;L2 U2 F B' D' R' D2 B U2 R U2 F2 R' F2 L' B2 L F2 B2 D2 F';2025-10-29 22:19:51;18.87
317;15.16;;B' U R' L' D L2 B R2 D' F2 R2 U R2 B2 U2 F2 D L2 F2 B' R';2025-10-29 22:20:25;15.16
318;18.55;;B2 U F L2 B' R2 F' U2 B2 U2 F2 R2 D2 L' U' L2 B R F U2 R2;2025-10-29 22:20:53;18.55
319;22.74;;U' L2 D2 F2 D2 F2 R2 B2 F2 U' R' D2 R B' F' U' B' D' U';2025-10-29 22:21:30;22.74
320;21.67;;U R' B2 L2 F2 D2 R2 U B2 L2 B2 D2 L2 U' B' F' U' R2 U L' R';2025-10-29 22:22:41;21.67
321;21.20;;D R2 B' L2 U L2 B2 L F R F2 L' F2 R' D2 R2 D2 L F2 D2;2025-10-29 22:23:29;21.20
322;19.53;;B2 D2 R2 D2 R2 F' U2 B2 F R2 B D B' F2 D R D' R' D U2;2025-10-29 22:24:54;19.53
323;20.96;;D2 L2 F R2 U2 F' R2 F' D2 B D' L2 R B' U2 B2 F' R;2025-10-29 22:25:31;20.96
324;15.49;;R' L2 D2 F2 D2 F L2 B L2 B2 L2 F D' B L U2 R B' D' U B';2025-10-29 22:26:03;15.49
325;17.51;;F2 B2 U' L D B' U' R L2 F2 L' D2 L' U2 B2 U2 D2 R F;2025-10-29 22:26:53;17.51
326;17.52;;L B' R2 B2 D' B2 U L2 U F2 D2 B2 L2 U R' D' B L2 B2 R' F';2025-10-29 22:27:25;17.52
327;19.98;;L D B2 L2 R2 D2 F2 L2 U F2 U F2 L B' D B2 D' L2 R' F';2025-10-29 22:28:02;19.98
328;12.60;;F2 L2 B' D2 B' U2 F2 L2 U2 F' D2 B U L F' R2 U' F2 L U;2025-10-29 22:28:33;12.60
329;24.31;;L2 R2 U B2 R2 B2 R2 D' L2 D2 B R' D B D2 F D U;2025-10-29 22:29:25;24.31
330;20.11;;R' U' B2 D B2 D F2 U' L2 R2 U' L R' F L' B' U' B' F D2;2025-10-29 22:30:33;20.11
331;19.66;;U' R F' R B2 U' B R' F2 U2 B U2 F L2 U2 R2 B2 R2 B D;2025-10-29 22:31:58;19.66
332;22.42;;D2 B' L2 U' L2 D L2 B2 D2 U' R2 B2 R2 F2 B' U R D' L' F2 U;2025-10-29 22:32:40;22.42
333;14.87;;L F' L D2 U2 L2 U2 F2 L F2 L B2 R B' D2 L R D' R B;2025-10-29 22:36:07;14.87
334;15.10;;L' D F2 U R' F2 B' U D F2 D' B2 D R2 D F2 R2 D2 L';2025-10-29 22:36:35;15.10
335;15.74;;R2 B2 U L2 D B2 D U2 L2 U' B2 D2 R' B' R2 D U L' F' U2 R2;2025-10-29 22:37:16;15.74
336;14.21;;R2 F2 D2 U2 L2 U2 B L2 F' U2 B' F' L U2 B' L2 B2 U' R' D B';2025-10-29 22:37:46;14.21
337;12.27;;D B' U' R' U2 L U R2 B D2 F2 D2 R2 F' U2 D2 F U2 F U';2025-10-29 22:38:19;12.27
338;18.02;;R2 U2 L2 F L2 F' R2 B' D2 B2 L2 F' R' U2 B D L' R U' F D2;2025-10-29 22:38:44;18.02
339;18.03;;R' U' L' D2 R F2 L' B2 R2 U2 F2 U2 R D2 B U R2 D F' L2 D;2025-10-29 22:39:14;18.03
340;21.91;;B' R' U2 R2 F U2 B' F2 L2 B2 L2 U2 R' D' L2 B F D B' F2;2025-10-29 22:39:57;21.91
341;16.23;;F' D F2 D2 B2 D' F2 R2 U F2 R2 U L R U L D L' B D2 L2;2025-10-29 22:40:41;16.23
342;24.76;;L2 D2 F2 R2 D2 F2 L2 U F2 U' L2 B' D' F' L' R' F U2 R' D' R;2025-10-29 22:41:20;24.76
343;16.50;;B' L2 U2 B' U2 L2 F2 U2 F' D2 F R' D B' U F' U2 R' U L2;2025-10-29 22:42:39;16.50
344;17.82;;D2 F' D2 F2 U2 R2 U2 F' R2 D2 B F2 R' F2 D F' D2 U' L' B F2;2025-10-29 22:43:10;17.82
345;21.44;;L2 D2 R2 F2 U R2 U B2 D2 B2 L2 U' R F2 R D L' D2 F L;2025-10-29 22:43:51;21.44
346;19.08;;U R' L2 D F2 D2 F2 L2 U' F2 L2 R2 F2 L' F L2 B2 R2 D2 L' B2;2025-10-29 22:44:29;19.08
347;21.52;;U F U F D2 R' B' L D U2 F R2 D2 F R2 D2 R2 U2 F D2;2025-10-29 22:45:01;21.52
348;15.76;;B2 D' B2 L' F2 L' B2 L U2 B2 U2 B2 R2 F' U' R F D L' U';2025-10-29 22:45:56;15.76
349;19.06;;D U2 B' L2 F' L2 U2 R2 B2 U2 B F2 D' F2 R B R2 U B F';2025-10-29 22:46:40;19.06
350;16.79;;U' F2 R' L2 F2 D' F2 U2 F2 L2 D F2 R2 L' D U' B' F' U2 L';2025-10-29 22:47:11;16.79
351;15.56;;U2 B2 D' R2 D2 U L2 F2 D F2 B' D B U' R U' B L B2 U';2025-10-29 22:47:54;15.56
352;18.10;;D2 R2 D2 U2 F2 R2 F U2 F U2 L2 F2 D U2 R' F' D2 F U L B';2025-10-29 22:49:22;18.10
353;14.73;;F' D' B' R2 F2 U2 F' U2 R2 F2 D2 U2 L2 U' F2 L' D' U' F R2;2025-10-29 22:50:28;14.73
354;13.92;;U B2 L R' B2 D2 L' U2 F2 R' B2 U' R2 U' R U' F2 L B';2025-10-29 23:01:49;13.92
355;19.28;;F D2 R2 D2 U2 R2 F R2 F2 R2 U2 F' U R U2 B' D' B D' U2;2025-10-29 23:03:35;19.28
356;17.23;;U2 F2 U' F2 D L2 R2 U F2 R2 U L F U F2 L2 D R' D L2;2025-10-29 23:04:05;17.23
357;13.92;;F2 U L2 F2 D2 L2 D B2 D' L2 D' R B' R F2 U B L' F2;2025-10-29 23:04:35;13.92
358;16.29;;U2 F D' B2 D' R2 F2 R2 B2 D R2 U' L2 B' U2 L2 B U L B';2025-10-29 23:07:34;16.29
359;18.40;;D' L U2 D2 B U F' B2 R2 L2 U2 B2 L2 U' F2 B2 R2 D' R;2025-10-29 23:42:37;18.40
360;24.23;;L2 D' R' B2 L2 B2 D B2 L2 D B2 R2 U2 B D' F R' F2 D' U2;2025-10-29 23:43:47;24.23
361;21.12;;F' D2 R B' D' R2 U L U2 L2 U2 R2 U2 B2 R2 F' D2 B' R2 U2 L';2025-10-29 23:44:46;21.12
362;20.09;;U2 B2 D F2 L2 U B2 D B2 L2 F2 U2 B U2 L B D2 L U2 B';2025-10-29 23:46:06;20.09
363;27.11;;L' U' R' U2 F2 L F2 L' D2 L' F2 U2 B2 L' B U2 L2 F' L B' D;2025-10-29 23:46:41;27.11
364;19.67;;R2 F R2 B' U2 R2 D2 F2 U2 F R2 B2 U' F2 L' D R F R' D2;2025-10-29 23:47:22;19.67
365;22.65;;B2 D R2 F2 D2 R2 F2 D B2 D2 R2 L' D L' U' R' U2 B U' R' F';2025-10-29 23:48:59;22.65
366;15.56;;B' L2 D2 L2 B L2 B' U2 B' F2 U2 L U R2 F R2 B' F2 D2;2025-10-30 00:11:30;15.56
367;18.20;;F' D2 L' B' D2 L' D' R' U2 R' U2 F2 L F2 L D2 L' F2 R U' R;2025-10-30 00:11:59;18.20
368;18.88;;B2 R2 D2 B2 L' D2 R U2 L' D2 R U2 F U L2 D R D L2 R2 B';2025-11-04 21:00:23;18.88
369;15.53;;B2 U L2 F2 U2 L2 R2 U2 L2 U2 B D R2 D L B L D B R;2025-11-04 21:00:54;15.53
370;13.62;;D2 R2 F2 L D2 R B2 L' D2 L U2 R' U B' U' F U2 F2 L' D2;2025-11-04 21:01:23;13.62
371;14.86;;F' B R2 U D B L' F' L2 F' U2 F U2 F' L2 F U2 F U' R;2025-11-04 21:01:50;14.86
372;17.90;;L' F U2 R' F B2 D' F U2 R2 U2 R2 D2 R2 B2 D' L2 D' F2 D2 L';2025-11-04 21:02:23;17.90
373;17.15;;U R2 D2 U2 L U2 F2 L' U2 R F2 L2 B D' U' R2 F' L' B2 F';2025-11-04 21:02:57;17.15
374;16.09;;R2 L' D2 B U' L' U D' B L U2 F2 R2 U2 R B2 R' U2 L B2 R2;2025-11-04 21:04:48;16.09
375;18.23;;U2 R F2 D U2 F2 D' R2 U' F2 U' R2 B D' L' U' L2 F' D;2025-11-04 21:05:25;18.23
376;20.23;;D L2 D' R2 F2 L2 D' B2 U B2 U' L' F2 R2 D2 U F D' R B' R';2025-11-04 21:05:59;20.23
377;17.17;;R' D' F' L2 F' L2 D2 L2 B2 D2 F' D2 B' R' U F D' F' R' B' L;2025-11-04 21:06:36;17.17
378;16.39;;B' D' U2 B2 F' D2 R2 D2 U2 F D2 L B D2 L' D R' U;2025-11-04 21:07:06;16.39
379;14.83;;F2 D' B' L' U F' L2 B R' D2 B2 R2 L B2 D2 R' U2 R U2 R U';2025-11-04 21:07:41;14.83
380;16.90;;D F' B2 D U2 R2 B2 D' B2 D F2 U2 F' L F U2 R F' L D;2025-11-04 21:08:59;16.90
381;21.12;;U2 B2 R2 F' R2 B' L2 B D2 L2 B U B L D' F L F R2 F';2025-11-04 21:09:30;21.12
382;20.92;;L' U R2 F2 R' F2 L' F2 D2 R' U2 R2 F' D U2 R' F L' F';2025-11-04 21:11:03;20.92
383;14.85;;B' R' D' B D2 F' U2 R2 U2 B D2 B' F2 D B2 U F2 L F2 R';2025-11-04 21:11:51;14.85
384;17.05;;U' B' R D2 U2 F' R2 F2 D2 F D2 B L2 U' B2 R B' D' R2 U;2025-11-04 21:12:30;17.05
385;18.32;;U' L2 B' L2 D' U F2 L2 D' R2 U' B2 F2 R F2 L R2 D' L2 R';2025-11-04 21:13:09;18.32
386;15.65;;L2 B D2 B R2 U2 F L2 D2 F2 L' B2 F D' L2 F' L D2 U2;2025-11-04 21:15:16;15.65
387;22.36;;U L2 B2 U' R2 U L2 D B2 U L2 U L D2 B L U L' U2 F D;2025-11-04 21:15:56;22.36
388;15.17;;L2 B2 D' B2 U' L2 D R2 D U' L2 U' F' D' R' B F2 U2 F' U';2025-11-04 21:16:32;15.17
389;17.68;;B' L' D2 R' F2 D' L2 U2 B U2 F2 U' R2 B2 L2 B2 U R2 L2 B2 D2;2025-11-04 21:17:11;17.68
390;15.39;;F' D2 B' R2 U2 R2 U2 B L2 F' L D F2 R2 F' U2 L2 U L' D2;2025-11-04 21:17:55;15.39
391;16.76;;B2 D2 L2 D2 U2 R2 U2 F' L2 B F2 D L' F U' B U2 B2 D L';2025-11-04 21:18:39;16.76
392;14.92;;L' D R' B2 L2 U2 B2 D L2 D2 B2 U' R2 U' L D2 B' D R2 B R';2025-11-04 21:19:14;14.92
393;21.33;;L' B2 F2 U R2 U' F2 R2 D F2 L2 F2 U2 F' R' F2 D' L2 D2 B' D;2025-11-04 21:20:09;21.33
394;18.97;;L2 B R B2 L D2 L' D2 R2 B2 L' D2 R' U' F L2 D R U B' R2;2025-11-04 21:21:05;18.97
395;14.30;;F' L' B2 D B U2 L F D R2 B L2 D2 F L2 B L2 F2 L2;2025-11-04 21:21:39;14.30
396;12.79;;U R' F' R L' U' R' L2 U2 D2 B' R2 L2 D2 F R2 F U2 F' D F;2025-11-04 21:22:09;12.79
397;16.63;;F' R2 F D2 B R2 F2 R2 D2 R2 U2 F2 L U' L2 B D2 F2 L R2 D;2025-11-04 21:22:46;16.63
398;20.74;;R L' F R' U' B' R' F' B2 U2 D2 R' D2 L U2 B2 R' D2 R2 B;2025-11-04 21:23:19;20.74
399;13.66;;U R2 D2 B2 D' B2 D' B2 U F2 D B D L F' U' L' B2 R B L';2025-11-04 21:23:54;13.66
400;13.42;;U2 D F D B L' U' R' B2 U2 L U2 L B2 L' D2 L2 U2 B U2;2025-11-04 21:24:19;13.42
401;19.39;;F B2 L2 U' B2 D2 F2 U L2 B2 L2 F2 L' B D' L2 B' D' L' F' U;2025-11-04 21:24:47;19.39
402;24.40;;U L2 F2 D' F2 L2 F2 U F2 U B2 U' R D U B D' U R B' F';2025-11-04 21:25:24;24.40
403;16.75;;F D2 L' D' R2 D' U' R2 B2 U B2 F2 R2 L F' R U B D2 L';2025-11-04 21:26:01;16.75
404;16.45;;F U' L F2 R B2 U D R B2 R2 F L2 D2 L2 D2 B R2 B R2;2025-11-04 21:26:29;16.45
405;13.27;;U2 L2 F R2 B' R2 D2 R2 B L2 D' R' B2 D' U' L' R2 B D' F2;2025-11-04 21:26:59;13.27
406;15.40;;L2 F2 L' U' L2 F2 L2 B2 U' F2 U' F2 D L' B D F U' L' R2;2025-11-04 21:27:24;15.40
407;16.30;;B' L' D' U' B2 R2 U' L2 D2 B2 R2 B2 L' D2 R' B' R U L;2025-11-04 21:28:07;16.30
408;16.98;;D R2 L2 D2 F2 D' F2 B L D2 L2 F R2 B2 U2 B R2 F' U2;2025-11-04 21:29:45;16.98
409;14.68;;B' D F B' R' D L' U' B2 U' F2 L2 B2 U F2 U' R2 D2 L B';2025-11-04 21:30:15;14.68
410;22.67;;D' R L' F' B' L D2 R F D' B2 U' L2 F2 U B2 R2 U' B2 R2 D';2025-11-04 21:30:47;22.67
411;17.80;;R' U R B R' D F' R' U R2 U L2 F2 B2 D2 L2 B2 U D B R';2025-11-04 21:31:23;17.80
412;23.55;;F2 D2 B' R2 D2 F' L2 D2 U2 B' D2 B' U F L' U2 L2 D R2 U2 F2;2025-11-04 21:31:58;23.55
413;17.74;;R' D2 B2 F2 R2 F2 D2 U2 R' F2 L B2 D' B' R2 D L F2 D' U L';2025-11-04 21:32:48;17.74
414;18.31;;D' B2 D' L2 R2 B2 D' L2 U2 L2 D' F R' B' F2 L' B' D2;2025-11-04 21:33:19;18.31
415;15.10;;B2 R' D' B' U' B2 L' F D2 R2 B' R2 B L2 F2 R2 D2 B2 R' B2 R;2025-11-04 21:33:50;15.10
416;17.51;;R D B F2 D B2 D2 F2 D F2 U2 L2 R2 F D B U2 L' B2 U;2025-11-04 21:40:28;17.51
417;13.29;;U2 R' F2 D2 U2 L' F2 R2 B2 F2 D2 B U2 R' U' R2 B L2 B2 L2;2025-11-04 21:41:04;13.29
418;18.96;;D L2 U' L' B D2 B' D2 R' U R2 B2 D F2 D' F2 L2 B2 L2 U F2;2025-11-04 21:41:32;18.96
419;16.77;;F2 U L2 U B2 L2 R2 U L2 B2 L2 B L' R' F' U R B' U R2 F2;2025-11-04 21:43:00;16.77
420;17.02;;U' F' D2 F' D2 U2 L2 U2 B2 F' R2 F R' D' L2 B U2 F' U2 B2;2025-11-04 21:46:40;17.02
421;14.62;;B' R' L' D F B2 D' L D' B' U2 R2 B2 D2 B' R2 L2 U2 R2 B;2025-11-04 21:47:11;14.62
422;16.54;;B2 R2 U' F2 U' F2 U L2 B2 U2 B' D2 F' D F2 L2 D';2025-11-04 21:47:58;16.54
423;22.65;;D2 B R U D F R' B' U' L' U' B2 L2 F2 U' F2 B2 D B2 U;2025-11-04 21:48:28;22.65
424;18.55;;U F U2 B R2 B2 F D2 B2 U2 R2 F' L R' D B R2 D' B' F;2025-11-04 21:49:06;18.55
425;19.32;;U' B U D F L D B R' L2 D' B2 L2 U R2 U' L2 U L2 B2 L2;2025-11-04 21:50:43;19.32
426;18.76;;F U2 F2 R2 U2 R2 U2 B' D2 B U2 B2 R' D U2 L' R F U' R2 F2;2025-11-04 21:51:15;18.76
427;17.20;;B' R B R2 B2 D2 F' L D B' D2 F' R2 F D2 L2 B' U2 R2 F;2025-11-04 21:52:19;17.20
428;20.13;;U L U B2 R' U2 L F2 R' D2 U2 R B2 F2 D B2 F D2 L2 B2 R2;2025-11-04 21:53:02;20.13
429;15.29;;U2 B L' F' R' U' L2 D2 F' D' L' U2 L' D2 F2 R' F2 L2 U2 B2;2025-11-04 21:53:49;15.29
430;18.78;;B' L F2 D2 R' F2 L' D2 L B2 D B' R F R U F' R;2025-11-04 21:55:13;18.78
431;14.73;;R2 F2 L2 B' L2 F' L2 F R2 D2 F R D L2 F R' U R2 D2 B' U;2025-11-04 22:02:30;14.73
432;16.90;;D' B U2 B2 U' L B R2 B' U F2 D2 L2 D' R2 D' F2 R2 D R2;2025-11-04 22:03:04;16.90
433;17.97;;D' F B L2 U' R' D' L U2 F2 D2 B' L2 F D2 B L2 F R2 U';2025-11-04 22:03:35;17.97
434;19.61;;R' B' U2 F R2 B' R2 D2 B R2 B2 D2 R2 D' U R' B R2 F U2 R';2025-11-04 22:04:07;19.61
435;15.97;;L U' B' U2 R2 F D2 L2 B2 U2 F2 D' B2 U' L' D2 L' B;2025-11-04 22:04:41;15.97
436;17.67;;L' U2 B' D L' B2 D' F U L2 B2 U' D2 L2 D2 L2 F2 L2 F2 B;2025-11-04 22:05:39;17.67
437;14.54;;B2 R2 U' R B L2 U' L' B' R2 F R2 D2 F D2 B' R2 D2 R2 U;2025-11-04 22:06:08;14.54
438;18.00;;B2 D R2 F2 U R2 B2 D2 U2 B L F2 R' U L' U B' U2 L;2025-11-04 22:06:40;18.00
439;15.64;;L D2 L2 D2 B' D2 B' R2 D2 F L2 F2 L' D' B2 L U' B' F D2;2025-11-04 22:07:11;15.64
440;17.33;;U2 L2 R2 D' R2 F2 R2 U2 R2 U2 B' R' B2 D2 L2 F U' R' D' R';2025-11-04 22:07:54;17.33
441;13.36;;D' R2 B U2 L2 R2 F' L2 F2 D2 F D2 R2 U R' B L' B2 D';2025-11-04 22:08:59;13.36
442;21.35;;R2 U B D F D2 R2 D L D' L2 B2 U F2 R2 D' F2 B2 D' F2 D2;2025-11-04 22:09:31;21.35
443;17.32;;F2 R' B2 L2 B' L2 D2 B L2 D2 B' U2 F2 D2 L D' F2 R B L2 D;2025-11-04 22:10:12;17.32
444;17.08;;L U B D2 B2 R2 D' R2 D U L2 D R2 F' R' U R B2 R U';2025-11-04 22:10:40;17.08
445;16.35;;D R2 B2 U' R2 D' B2 U' L2 D L B2 U B' D' R U2 L' B';2025-11-04 22:11:23;16.35
446;16.41;;D' R B' L' B' U' R F2 U F2 D2 B2 D2 R2 F U2 D2 R2 U2 B';2025-11-04 22:12:05;16.41
447;20.54;;U' R2 U L2 U F2 R2 B2 U2 F2 R D' R' F D B U F' U;2025-11-04 22:12:34;20.54
448;17.30;;L2 F2 L2 B2 U' F2 U B2 U2 R2 D B' L F' L D' U2 B2 L2 R';2025-11-04 22:13:33;17.30
449;12.27;;L F2 L2 B2 D2 R' D2 L' B2 D2 U' L D' B2 L U F D2;2025-11-04 22:14:13;12.27
450;16.14;;B' U2 L2 D' F2 U' L2 U' L2 F2 R2 U2 B2 L D' B2 D R2 B' U' R2;2025-11-04 22:14:39;16.14
451;23.73;;U2 L D2 R U' R2 D2 F U2 L2 B2 L2 D R2 F2 U' B2 U2 F2 U' F;2025-11-04 22:15:56;23.73
452;21.78;;D2 R' U L2 F2 R2 U' F2 R2 D' B2 L F L2 B2 U R F L';2025-11-04 22:16:39;21.78
453;19.69;;L D2 B2 R' D2 L2 B2 R D2 F2 B L2 U B' D2 F' D' L R' B2;2025-11-04 22:20:45;19.69
454;21.47;;R F L B2 D B2 D R2 D' L2 U' R2 D R2 L D R2 U2 R2 U2 R';2025-11-04 22:21:24;21.47
455;14.52;;U' F2 U R2 U2 R2 D' F2 L2 B2 D' R F D2 F' D F' D U' F';2025-11-04 22:22:11;14.52
456;15.05;;D' L2 R2 U' L2 U B2 F2 L2 D2 B F L' D F2 D F2 R U' R2;2025-11-04 22:22:57;15.05
457;20.12;;D2 F2 U' F2 D' L2 F2 L' B' D2 F2 L U2 B2 L2 B2 L' U2;2025-11-04 22:23:35;20.12
458;15.84;;U2 B2 L' U2 D' B2 D' F L U2 F2 L2 B R2 D2 F' B' U2 L2 B' U2;2025-11-04 22:24:12;15.84
459;15.12;;B R2 B2 U L2 R2 D U B2 R2 U L U' F' R2 F' U L2 R B';2025-11-04 22:24:48;15.12
460;18.49;;R B2 D2 L2 F2 U' B2 U2 B2 F2 L2 R F L2 D' B2 R' U R' F';2025-11-04 22:25:20;18.49
461;17.74;;B2 U2 L2 F D2 F D2 R2 F D2 F L F2 D2 B2 D' B' R' B' L;2025-11-04 22:25:58;17.74
462;17.32;;R' F2 U F2 R2 F2 D L2 U' B2 L2 B2 D2 F D2 B' R' D2 U' F' R';2025-11-04 22:26:40;17.32
463;16.97;;B' R2 D R2 U F2 L2 B2 D2 R2 D2 F R B' L' B2 F L' F';2025-11-04 22:27:18;16.97
464;30.34;;D' F D B2 U' R2 B2 D' R2 F2 U' L2 U' B2 F D' B2 R B' U R';2025-11-04 22:28:04;30.34
465;11.15;;D' B2 L2 D2 F2 U2 B2 U L2 U L2 F2 L R2 F' L2 U2 R' B2 U';2025-11-04 22:29:06;11.15
466;19.53;;R2 L B U' F R2 F U' L' U2 L2 F2 U B2 U2 D L2 B2 U;2025-11-04 22:29:37;19.53
467;17.78;;B2 D R' B' L U F' D B2 L U2 R2 U2 B2 R' D2 B2 R F2 B';2025-11-04 22:30:19;17.78
468;22.46;;R2 B2 L D2 R' U2 R' D2 R U2 B R' B D' F U' B2 L B';2025-11-04 22:31:02;22.46
469;16.75;;U R U2 B D' F' L2 D R L2 F2 U R2 U2 F2 U R2 D2 L2 F2 L;2025-11-04 22:31:41;16.75
470;16.27;;R U' B2 U2 L2 B2 L2 F2 U' L2 U2 B F' U' R' B2 D' U R' B;2025-11-04 22:32:14;16.27
471;18.80;;F' L U2 R' B2 L B2 U2 L F2 L2 F2 B D R2 U B' R F D2;2025-11-04 22:32:51;18.80
472;16.97;;F2 B' D R F B' L U L2 U2 F2 B2 R F2 L U2 F2 B2 D2 L' D';2025-11-04 22:33:34;16.97
473;14.04;;L' F2 R F U' R' U' R U2 L2 U2 F2 R' B2 R B2 D2 B2 D2 F';2025-11-04 22:34:12;14.04
474;17.99;;L' U2 F' R2 F2 R2 D2 F2 D U2 B2 D L2 D R B' D U' B F' R';2025-11-04 22:34:49;17.99
475;19.32;;U' L U2 B U F' B2 D' F2 D2 R2 L' F2 U2 F2 D2 L F2 L' F2;2025-11-04 22:35:29;19.32
476;14.74;;B2 U' F D2 B' U2 B U2 R2 F L2 B R2 D B D' R2 D' R F U2;2025-11-04 22:36:06;14.74
477;17.96;;U2 L' F U F2 R L2 U' F U2 F' D2 B' U2 L2 F D2 L2 B L;2025-11-04 22:36:41;17.96
478;15.22;;U' R2 B2 R2 F D2 L2 F2 L2 U2 F L2 F U B' D U2 R B2 U' F;2025-11-04 22:37:18;15.22
479;17.10;;U2 R2 D2 L' B2 R' F2 R' U2 F2 U2 L' B D F D L' R' F L;2025-11-04 22:37:49;17.10
480;16.05;;U B R' F D' L B2 L' U' R' B2 R B2 L2 B2 U2 R' F2 D2 L2;2025-11-04 22:38:37;16.05
481;24.01;;U R2 B2 L2 D2 R2 U B2 U F2 B' L U2 F U2 R' B D' F' L';2025-11-04 22:39:15;24.01
482;19.75;;D2 L D' F2 L2 B2 D2 L2 U B2 D' F2 L2 F U2 L' B R2 F2 R;2025-11-04 22:40:07;19.75
483;22.02;;F' B2 L2 D2 B2 D' R2 B2 D L2 D' R2 L' F L F2 L2 U' B' R';2025-11-04 22:40:49;22.02
484;17.39;;L' F2 L2 U' B2 U' F2 L2 F2 U' F2 D B' U' R' F U2 F D' U';2025-11-04 22:41:38;17.39
485;17.72;;B2 R2 D2 B L U F U F2 D' F2 D B2 L2 U F2 L2 U2 B2 L;2025-11-04 22:42:16;17.72
486;18.93;;F2 R U2 F' U2 B R2 B' R2 D2 F' U2 F2 R' D L B L2 F' D;2025-11-04 22:43:48;18.93
487;23.09;;R2 D R' B2 D' B' U' D' F2 R2 F2 U R2 D2 R2 D B2 R' F2;2025-11-04 22:44:34;23.09
488;25.95;;F2 L2 R2 U R2 D' U2 F2 R2 F2 B' R B' U2 F2 L D2 B' D';2025-11-04 22:46:12;25.95
489;19.82;;D2 F2 L2 B2 U R2 F2 U' L2 B2 U' R' D' B R U';2025-11-04 22:47:03;19.82
490;15.10;;F' R' U2 D2 R2 B R B2 D2 F2 D' B2 R2 U R2 F2 R2 D B' D2;2025-11-04 22:47:46;15.10
491;14.64;;B2 L2 D F2 U2 L2 D' L2 B2 R2 B' U2 L U2 R' U L2 B R' U';2025-11-04 22:48:20;14.64
492;17.51;;D' U' B2 D F2 U2 B2 L2 U2 R2 B' D' F D L' B2 D' B2 F2 R';2025-11-04 22:48:53;17.51
493;19.64;;B2 F2 D2 U' F2 L2 D2 L2 D' F2 R2 B' L' R2 U' R F D' L' D2;2025-11-04 22:49:31;19.64
494;24.31;;L2 F U' L' B U L' D' U2 L2 F U2 L2 B R2 F' D2 L2 F' U L';2025-11-04 22:50:59;24.31
495;16.96;;R F2 B' D2 F' L' U R2 U2 B R2 B' U2 R2 F' R2 B' R2 U2 R B';2025-11-04 22:51:43;16.96
496;22.39;;B2 L B2 U R2 D' R2 D' L2 U F2 U' R2 U B' L D' F L' U;2025-11-04 22:52:23;22.39
497;20.37;;R U B2 U L2 D2 L2 F2 U B2 L2 R2 D2 B L' D' U F D' F2 U';2025-11-04 22:53:04;20.37
498;18.37;;R' B' U' B2 D2 B2 L2 D2 R2 D L2 F' U' L B' D2 R2 B' U;2025-11-04 22:53:51;18.37
499;20.39;;B2 L2 R2 D2 F' D2 B' D2 U2 L2 B R' U' F L' D B2 L' R2 F' R';2025-11-04 22:54:35;20.39
500;16.70;;R2 F B2 U2 B2 D' B2 F2 L2 U' B2 R2 D R' B2 F D R2 B U2;2025-11-04 22:55:22;16.70
501;13.71;;R2 D' L2 D' R2 B2 U2 L2 B2 U' B2 D' B D L2 R2 B D2 B R' D;2025-11-04 22:56:03;13.71
502;20.79;;R B' U B2 R2 D' L2 U' L2 U' L2 F2 L2 F D' L U L' D B';2025-11-05 22:41:34;20.79
503;19.33;;D' U2 F2 R U2 R2 U2 B2 D2 R U2 B D' R' B' F2 L D2 U2;2025-11-05 22:42:07;19.33
504;16.16;;F2 L2 U F2 R2 F2 U' B2 F2 R2 D' B' R U' R2 B R2 U2 F D;2025-11-05 22:42:39;16.16
505;21.63;;R2 L2 U B2 U2 R B D F' D2 F' D2 B2 D2 L2 B' R2 F2 L';2025-11-05 22:44:12;21.63
506;14.15;;F B2 L2 R' B2 U2 R' D2 L2 U2 L U2 R' D' B U B' L' D' B;2025-11-05 22:44:48;14.15
507;16.93;;R2 U B2 L2 D R2 U' L2 B2 D U2 R' F' D' L2 U B' F2 L R' U';2025-11-05 22:45:29;16.93
508;15.39;;U2 R2 B U2 L2 B L2 R2 B2 L2 B' D' L B U2 R U L2 R U';2025-11-05 22:45:57;15.39
509;18.00;;U' F' D2 F R2 F D2 F' D2 B2 U2 B L B2 D' B' D B2 L';2025-11-05 22:46:28;18.00
510;20.45;;D L' B2 R2 U2 R2 F' L2 R2 B L2 B' R2 F2 D' F2 R D2 L' B R2;2025-11-05 22:47:29;20.45
511;16.20;;B L2 F R2 U R' B U B2 U2 F U2 D2 L2 F' U2 F L2 D2 U;2025-11-05 22:48:03;16.20
512;13.14;;F' L D L' B' L' B' U D' F2 U2 L2 F2 B R2 F R2 U2 F2 L2;2025-11-05 22:48:35;13.14
513;20.71;;D L2 D2 L2 U' F2 R2 D L2 B2 U F2 R D' B L B U' R' U';2025-11-05 22:49:08;20.71
514;16.90;;L2 B2 D2 B2 F U2 B' D2 R2 D2 F D' L2 D2 R' B' L U2 B' D' R2;2025-11-05 22:49:44;16.90
515;16.30;;L2 U L' U' F2 L F' D' R L2 F R2 F2 L2 U2 R2 F2 R2 D2 B';2025-11-05 22:50:54;16.30
516;15.80;;B' U' D' F R F U R2 D2 L' U2 B2 L' B2 R' U2 B2 R B' D;2025-11-05 22:51:29;15.80
517;17.49;;B2 L U' F2 L2 D' L2 U2 F2 L2 R2 U R2 L' U B L2 U L' D2;2025-11-05 22:51:59;17.49
518;18.93;;D2 L' R2 D2 F L2 F U2 B' D2 R2 B2 D2 R U2 R' D' B' U' L;2025-11-05 22:52:36;18.93
519;15.23;;L2 D R2 B2 F2 D2 R' F2 L' D2 R F2 R2 B L' F2 R' U' F;2025-11-05 22:54:00;15.23
520;22.22;;F' R D' L2 F' R2 B R2 U B2 R2 F2 D' B2 R2 U2 D' F2 U R' D2;2025-11-05 22:54:36;22.22
521;18.60;;D' R' B2 R2 U2 L2 U' R2 D' B2 U' B2 R' F2 U L2 B F' L F';2025-11-05 22:55:12;18.60
522;23.87;;B R2 B2 F' R2 F' R2 D2 L2 D2 F' L2 D' B2 R B2 F L' D';2025-11-05 22:55:52;23.87
523;15.63;;D' F' L' U2 B2 R' D' L2 F' L2 D2 F' U2 B' R2 B' R2 B2;2025-11-05 22:56:35;15.63
524;21.03;;B2 F2 D2 R B2 R2 D2 L F2 R' U2 L' U L R' U B' U L2 D' R';2025-11-05 22:57:31;21.03
525;19.44;;U' L2 F2 L2 F2 U R2 B2 U' R2 D' U2 B D' F L' U F' D F';2025-11-05 22:58:11;19.44
526;18.84;;B2 L B' U B2 D B2 F2 D R2 B2 R2 F2 R D2 L2 U F D U2;2025-11-05 22:58:50;18.84
527;15.81;;R D' F' R2 B2 D' R2 U B2 U' B2 U B2 R F' L' D L R' B2;2025-11-05 22:59:38;15.81
528;17.58;;D2 U2 B L2 R2 B' L2 U2 B' L2 F' R F' U2 L U2 F D F U';2025-11-05 23:00:07;17.58
529;18.69;;L2 U' B' F2 U' L2 U L2 F2 U F2 R2 D' L' B U' R' U L2 R2;2025-11-05 23:00:36;18.69
530;15.53;;B2 D' R2 D U2 L2 D' U2 L2 F2 L' B2 R B' F2 L D2 U L;2025-11-05 23:01:09;15.53
531;19.62;;U F2 D' L2 U' L2 D' B2 L2 D U' B L' R' U B D2 B' F' D F';2025-11-05 23:01:39;19.62
532;17.93;;R2 U2 B' L2 R2 U2 B' F2 D2 L2 U2 L' D B U' B' R' F' U2 R F2;2025-11-05 23:02:30;17.93
533;15.41;;D2 B L2 F U2 R2 D2 U2 B' L2 F' L B R' U2 L2 D' L2 R' F;2025-11-05 23:02:59;15.41
534;15.65;;F' B2 U' B2 D' F2 U' R2 D' B2 L2 F2 L' B R2 F' U2 L D2 L;2025-11-05 23:03:31;15.65
535;14.85;;B' F2 D' B2 U R2 D2 L2 F2 U R2 B' R' F' L2 D F R' D';2025-11-05 23:04:24;14.85
536;15.62;;B' D' L' U2 R D B' U R L2 F L2 F' L2 F R2 L2 F D2 R2;2025-11-05 23:04:53;15.62
537;20.21;;R2 D' L2 B2 R2 D2 R2 F2 R2 D L' U B D' U' F' L D U';2025-11-07 23:47:26;20.21
538;17.75;;F' L2 D' L2 R2 D U2 L2 F2 D' F2 D' F' U2 R U2 B F D B2 L;2025-11-07 23:49:02;17.75
539;14.08;;R B' R2 L2 U' L' U D2 R2 F U2 D2 R2 F' R2 B' L2 B R U2;2025-11-07 23:49:38;14.08
540;15.28;;U' D' L' F' B U B2 L' U D2 R2 L2 F D2 L2 F R2 B' U2 R2 B';2025-11-07 23:50:12;15.28
541;22.40;;U R D L F2 L2 B' D' F D2 R2 B D2 B D2 B2 R2 B' L2 F D';2025-11-07 23:50:45;22.40
542;19.82;;D' F2 U' F L' B' U L F2 D2 B' D2 R2 F' U2 F D2 L2 F L';2025-11-07 23:51:26;19.82
543;13.18;;B D B U L F2 D' B D' R2 B2 R2 D2 L2 U F2 R2 D R2 B';2025-11-07 23:52:21;13.18
544;19.15;;R2 D B2 L2 R2 U L2 R2 B2 U' L2 U B U2 L B' F D2 R' D L2;2025-11-07 23:52:54;19.15
545;18.24;;U B2 U L2 F2 D2 L2 D' B2 U2 L2 U' F U' L B' F' D' B R D;2025-11-07 23:53:35;18.24
546;16.27;;D B' L2 F2 R2 U2 B2 L' F2 R' U2 B2 U L B' D2 R F' R;2025-11-07 23:54:10;16.27
547;16.06;;R2 B' L U2 D L' F U' F2 D2 R2 B L2 B2 D2 B U2 B R2 F2;2025-11-07 23:54:44;16.06
548;20.10;;B2 R2 D L2 B2 R2 F2 R2 U' R2 U R D2 U2 B2 D' F' U R' B L;2025-11-07 23:55:35;20.10
549;18.94;;F R2 B2 L2 F' R2 U2 F R2 B2 D R D' L U' B2 L' R2 D2;2025-11-07 23:56:15;18.94
550;17.62;;F U2 F2 R L' D L D2 B' R2 F2 D2 R2 D2 B2 U2 R2 F' L2 D';2025-11-07 23:57:11;17.62
551;14.51;;D' R2 U2 F2 U2 F' R U R2 B2 R' U2 D2 B2 D2 R2 U2 L D2 R;2025-11-07 23:57:57;14.51
552;17.09;;F L D2 B2 D' L2 U2 B2 U' B2 U R2 F' U B D' L' R2 F2 U;2025-11-07 23:58:34;17.09
553;14.29;;B D U B2 F2 D L2 F2 D B2 R' B' U' F2 U R' F U2 L2;2025-11-07 23:59:15;14.29
554;18.72;;F2 R' B2 L2 U2 R' F2 R' D2 L F2 B' R' U' L B' F2 U B R';2025-11-08 00:00:03;18.72
555;20.06;;D B2 L2 D B2 F2 R2 U' L2 D R2 U' B' R U' B' F R2 B R' B';2025-11-08 00:00:39;20.06
556;15.44;;U' L2 R2 U' L2 R2 U' L2 D2 F2 L' D B U B' L' F U' B2 F2;2025-11-08 00:01:29;15.44
557;23.71;;R2 U2 R' D2 B2 U2 B2 L' F2 L2 B2 D' B' D F' L' B R' U' L2;2025-11-08 00:02:04;23.71
558;14.93;;U2 B' L2 F2 U B2 U' F2 R2 D' L' B' R' F L' F2 D' L';2025-11-08 00:03:53;14.93
559;15.97;;B2 D2 U' L2 R2 U' R2 U2 B2 F' R2 F R F L D' R F' R2;2025-11-08 00:04:29;15.97
560;17.18;;B R F D2 B2 F D2 F U2 R2 B' R2 U' R2 B' L U R2 F2 R;2025-11-08 00:05:11;17.18
561;17.99;;R' L' B' D' R L2 D' R' U2 L' U2 L B2 R' L2 B2 R2 U2 D' B2;2025-11-08 00:05:46;17.99
562;23.48;;F U2 F' D2 F R2 F' R2 B2 U2 F2 D2 R' D U2 F' L' R B' R B;2025-11-08 00:06:32;23.48
563;14.51;;F U F R' D2 L2 U2 L U2 L' F2 R' U2 F U R' D R' F' R2;2025-11-08 00:07:13;14.51
564;13.19;;F U F2 B U R B L2 U L2 B2 D' R2 U2 L2 U' B2 D' B L2;2025-11-08 00:07:54;13.19
565;20.42;;B D F R2 F D2 F' R2 U2 R2 U2 F' D2 R' B R' D F L' F;2025-11-08 00:08:27;20.42
566;13.26;;U R U R' D B2 R B R D2 R L D2 R' U2 D2 R' F2 R' U;2025-11-08 00:09:17;13.26
567;15.80;;L U' R D F R2 F2 B' U' R D2 R F2 B2 L2 F2 L B2 R' F2 D2;2025-11-08 00:09:51;15.80
568;20.89;;R2 U' B2 F2 R2 D' R2 U L2 R2 U F2 R B D' F R' B2 U2 R' F;2025-11-08 00:10:37;20.89
569;17.02;;D' B' R2 F U2 L2 F' U2 L2 B' U2 B D2 U' F2 L' B L2 R B' D;2025-11-08 00:11:24;17.02
570;17.58;;L' B2 R2 D2 R D2 L U2 B2 L2 D2 R' F' D2 U' L' U2 B L U' L;2025-11-08 00:12:01;17.58
571;18.59;;D' R2 D F2 U R2 D L2 B2 U F2 R2 B' L' B2 D R' F2 D2 R' B2;2025-11-08 00:12:38;18.59
572;19.16;;R U D' R2 U2 R F B2 L2 U B2 R2 U' L2 U2 D' F2 D2 R' U';2025-11-08 00:13:27;19.16
573;17.73;;B2 U' B2 U' L2 F2 U2 F2 D R2 D2 F2 R' F2 D U B' L' F D L';2025-11-08 00:14:04;17.73
574;17.18;;F L R2 F2 D U2 F2 L2 R2 U' L2 F2 L' F L U2 B2 L' R;2025-11-08 00:14:44;17.18
575;14.78;;D' F2 D2 R D2 F2 U2 F2 R B2 U2 L2 R F D' B' R B' R B2;2025-11-08 00:15:24;14.78
576;19.95;;B D2 B' R2 B2 D2 U2 B L2 F' D2 F U' R D B L' F D' L2 R2;2025-11-08 00:16:08;19.95
577;17.61;;U2 F2 R' F2 L' D2 U2 B2 F2 L2 B2 U' L2 R F D' U L' B2 U;2025-11-08 00:16:52;17.61
578;17.36;;L2 B2 R2 B2 U2 B2 U L2 U2 B2 D' F R2 B2 D R D2 U L' F;2025-11-08 00:17:38;17.36
579;19.37;;U R B' R2 F R2 F L2 F2 L2 U2 R2 F' L2 R' F D U2 L F2 U;2025-11-08 00:18:29;19.37
580;18.03;;F' L2 F2 D' F2 R2 D2 F2 L2 U' F2 U2 R2 B' L2 U L' U' B F2 R2;2025-11-08 00:19:19;18.03
581;15.84;;F' L2 B2 R2 F2 U F2 D B2 U F R' U' L2 R' D2 F' R;2025-11-08 00:19:53;15.84
582;20.86;;L D2 R' L U' D2 R' U' B' U2 B2 U2 R' F2 U2 D2 L2 B2;2025-11-08 00:21:43;20.86
583;19.33;;L' F2 L2 U' L2 D2 F2 L2 U L2 D2 R2 B F R' D U B' R B;2025-11-08 00:23:19;19.33
584;17.65;;D' F2 L2 D L2 D F2 L2 R2 D' U' L2 B L2 U' F2 D' R' U L U;2025-11-08 00:24:31;17.65
585;17.07;;L U D2 F' L F L2 D' F2 U2 D2 L2 B2 L' B2 R F2 L' F2 R';2025-11-08 00:25:49;17.07
586;18.46;;B2 L U2 R' D2 R F2 R F2 U2 L' D L D2 B' L' R D2 F' R;2025-11-08 00:26:29;18.46
587;18.40;;F2 D L2 U2 R F U' B U2 R' B2 U' F2 D R2 D' L2 B2 D2 R2 D';2025-11-08 00:27:06;18.40
588;17.51;;L F U2 F2 L2 U F2 D' R2 F2 D2 L2 B L' D B F2 R' B D2;2025-11-08 00:27:48;17.51
589;14.04;;B' D' F2 U2 R2 B2 L D2 U2 F2 D2 L U2 L' F' L2 R' B D R' F2;2025-11-08 00:28:31;14.04
590;18.48;;F D' L' U' B2 L2 U' R2 D2 F2 D' F2 U' B' D' L' B' R' F2 U';2025-11-08 00:29:52;18.48
591;20.86;;B L2 U2 R2 U2 B' F2 L2 B L2 D B L U R' U2 F R2 B2 U;2025-11-08 00:30:37;20.86
592;22.20;;D2 B2 R2 F2 R2 F2 U L2 U2 R2 B2 R D' L2 B' R' F2 D2 U2 B;2025-11-08 00:31:16;22.20
593;19.09;;D L' U2 R2 U2 F2 L' B2 D2 R' F2 R F2 B' D F' R' F' L2 B' L;2025-11-08 00:31:59;19.09
594;18.15;;L2 D R2 D R2 U2 R2 B2 D F2 U' F2 R' B2 L2 D2 B F2 D2 L';2025-11-08 00:32:40;18.15
595;20.18;;D' F2 L' D2 L B2 R B2 F2 R U2 F2 R B U2 F U R' B' L2 D;2025-11-08 00:33:17;20.18
596;22.68;;U D2 R2 L2 B2 U R L2 D R2 F' L2 F2 R2 F' U2 B2 L2 F' L2;2025-11-08 00:33:55;22.68
597;21.22;;L2 U L2 R2 F2 D' R2 B2 F2 U2 F2 U L D R F' L' D' U2 B2 F;2025-11-08 00:34:33;21.22
598;17.57;;L2 U' L2 F' U2 D' B L B2 R2 U' B2 D F2 U' F2 L2 D' L2 F2;2025-11-08 00:35:14;17.57
599;19.59;;R B' L F D2 R2 B2 L2 F U2 L2 B' L2 D2 U' L R U R F2 U2;2025-11-08 00:35:48;19.59
600;21.29;;U2 F' B' R' B2 U' R F U L2 U D F2 L2 F2 D R2 D F2 D' R';2025-11-08 00:36:30;21.29
601;21.46;;L' U' B2 U L2 B2 U2 R2 U2 F2 U' B2 F D2 B L2 R' B L D' U;2025-11-08 21:01:13;21.46
602;16.00;;F D2 U B2 L2 B2 R2 F2 U' B2 D2 R2 F U2 R B' F' U2 B2 L R;2025-11-08 21:01:50;16.00
603;19.63;;R' U2 F L2 B' L2 U2 F' L2 B R2 B2 U L' F' U' R' B R2 D' U2;2025-11-08 21:02:40;19.63
604;21.95;;B' L' U' D F' L' B' D U2 F' D2 B' L2 D2 F U2 F R2 D2 R';2025-11-08 21:05:29;21.95
605;17.46;;F' D U2 L2 D B2 F2 D2 F2 U' F2 L' B' D2 R' U2 F U B D2;2025-11-08 21:06:07;17.46
606;16.69;;D2 L2 U2 L B2 R F2 R B2 R' D2 L D F' U' B' L2 R2 U L';2025-11-08 21:06:44;16.69
607;19.04;;B2 R' F L2 U2 B' D2 R2 B F2 L2 F U2 D' F U2 L F' D' B;2025-11-08 21:08:57;19.04
608;18.26;;R D2 L' D2 F2 L' R' B2 U2 B2 R2 U' L B2 F U2 L U B L';2025-11-08 21:09:36;18.26
609;16.57;;L' D2 L F2 U2 R' F2 R D2 R2 U2 L2 B D' L B' U2 F' U R2 U;2025-11-08 21:10:25;16.57
610;17.86;;F2 D2 F' D2 B D2 L2 U2 F' D2 U' F L D' L' R' U' F D';2025-11-08 21:11:09;17.86
611;27.83;;L2 B2 R2 D2 F2 R' B2 F2 L F2 L' B' R D U L' B' D L' D2;2025-11-08 21:11:49;27.83
612;17.72;;B' D2 F' U2 B2 D2 R2 B D2 F' L2 U2 R B L' D' B F R' U' B;2025-11-08 21:12:40;17.72
613;19.23;;U B2 D' F2 L2 R2 U' L2 U B2 D' L2 F D R F L2 D' F2 R';2025-11-08 21:13:18;19.23
614;15.17;;F2 R F2 L F2 D2 U2 L2 U2 L' D2 U2 B U2 B' L' D L2 B' L' R2;2025-11-08 21:13:59;15.17
615;23.05;;L B2 D2 L2 B D2 U2 F R2 U2 F R2 D' F D2 F L' B L R';2025-11-08 21:14:34;23.05
616;17.20;;U F2 D' F2 R2 B2 U L2 F2 U L' B2 F D B L2 U2 L D2;2025-11-08 21:15:37;17.20
617;19.35;;L2 D F2 U' B2 U R2 U' B2 U2 F' U' R' D' U R2 F U2 R B;2025-11-08 21:16:15;19.35
618;13.50;;L' D' B2 D' L2 B2 D2 R2 D' R2 D' B2 D R' B2 L' B' F2 D' F L;2025-11-08 21:16:53;13.50
619;12.40;;U2 R B' D' F R' U F' B' L2 F' R2 D2 F R2 U2 D2 B U2 R F;2025-11-08 21:19:40;12.40
620;15.84;;F' L' D2 R' B2 U2 R2 F2 D2 L' R D L2 F D' B U' B L';2025-11-08 21:20:11;15.84
621;19.49;;F2 R F2 D' R2 F2 L2 D2 B2 R2 D2 U2 F R2 U F' R B F2 L';2025-11-08 21:20:52;19.49
622;15.84;;L2 R2 F' D2 B2 L2 D2 F' R2 D2 R2 F2 U' L' U2 B2 D' R' U2 L2;2025-11-08 21:21:31;15.84
623;15.97;;B2 U2 L' F2 R2 F2 D2 L' R' D L' B2 F' L' B D2 L' R;2025-11-08 21:22:09;15.97
624;18.87;;U' B2 D2 R' U2 L F2 L2 D2 R D2 R2 F' R' B F2 L' U' R U';2025-11-08 21:23:05;18.87
625;22.17;;F2 D' B2 D2 F2 R2 L B U F' D2 B' D2 F R2 U2 R2 D2 B' R2;2025-11-08 21:23:44;22.17
626;17.91;;U L' D2 F2 D2 U R2 D' B2 R2 U' L2 U' F' L D U2 F2 R' D2;2025-11-08 21:24:31;17.91
627;19.32;;R2 U B2 L2 D L2 R2 F2 L2 D U2 R' B' L2 F2 U' L' U F' U F2;2025-11-08 21:25:14;19.32
628;17.14;;F2 D F2 U' R2 D B2 D2 F2 U B2 U' R B' U2 L B2 R2 U R2 U;2025-11-08 21:25:58;17.14
629;17.64;;L2 B U2 B2 L2 F2 L' B2 L B2 F2 D2 L' R2 B F2 D R U' L' B';2025-11-08 21:26:34;17.64
630;19.15;;F2 L U F R D B L D2 L2 D2 B' R2 B L2 F2 L2 D2 B D;2025-11-08 21:27:13;19.15
631;17.36;;L2 U F U R L U B' L U' D2 F2 R2 F' D2 F2 L2 F D2 L2 U2;2025-11-08 21:27:50;17.36
632;22.31;;B D2 F' R2 U2 F' L2 F D2 B' L' F2 U R' B D2 R B L F';2025-11-08 21:28:31;22.31
633;19.07;;F2 D' R2 U' R2 U2 B2 U2 B2 R B2 R D' R2 F L' B2 D U;2025-11-08 21:29:10;19.07
634;22.15;;D2 R2 F2 D' L2 U B2 F2 U B2 D2 B' D' F2 R B' D' R B' U;2025-11-08 21:30:49;22.15
635;17.50;;F' U' B' L D R U' B' U F2 B2 U D' F2 D' F2 B2 R2 U' F';2025-11-08 21:32:05;17.50
636;22.64;;D2 F L2 B' R2 U' F2 L' B U D2 B2 R2 D F2 R2 F2 D2 R2 U' R2;2025-11-08 21:32:51;22.64
637;14.28;;U2 D R2 U2 F' R D' L F2 B2 U' L2 U' F2 D' R2 L2 U2 F';2025-11-08 21:33:29;14.28
638;22.65;;U R2 F' B' L2 U2 F' U' R B' L2 F2 R2 U2 B R2 L2 F' U2 F2;2025-11-08 21:34:05;22.65
639;20.94;;D2 L U B L F U' R F U R2 L2 D L2 B2 D2 R2 U' F2 D';2025-11-08 21:34:54;20.94
640;18.06;;U' B' D B2 U' R2 D B2 F2 D B2 L2 B2 U2 L F' D L F2 U L2;2025-11-08 21:35:42;18.06
641;23.35;;B U' B' U' L' B2 U' F' U2 F2 U R2 F2 R2 L2 U F2 U R2;2025-11-08 21:36:24;23.35
642;19.04;;F2 U B' U2 L F' R2 B F2 L2 D2 B2 U2 R D2 L2 B2 R B2 U2 D;2025-11-08 21:37:26;19.04
643;14.52;;U' R D2 R U2 B2 R U2 R' D2 L' U2 F D U' R' B' L F';2025-11-08 21:38:03;14.52
644;13.72;;F2 R2 D2 F2 U' F2 L2 U2 F2 R2 D L2 B' U R' D2 F' L2 U L F2;2025-11-17 22:13:53;13.72
645;14.41;;F D2 U2 B2 L D2 L2 R' B2 D2 R2 U R' F L U2 F2 D' L' D2;2025-11-17 22:14:24;14.41
646;21.00;;R F U L B U' B' U' D F2 U2 L F2 L' B2 R' F2 D2 L' U2;2025-11-17 22:15:20;21.00
647;23.50;;L B L2 D L' F D' R2 D2 L' U2 L U2 F2 R2 B2 R' D2 B U;2025-11-17 22:15:54;23.50
648;17.10;;D' B' R' L U' F' D2 R B' F2 R2 D' B2 L2 F2 R2 U F2 D2 L2;2025-11-17 22:16:33;17.10
649;19.16;;B2 F D2 L2 D2 L2 F' D2 B2 U F' D U2 F L' U' L2 R;2025-11-17 22:17:15;19.16
650;19.34;;U2 B R2 D' F' U D' R F L' D2 L2 D2 R U2 L' F2 L F2 D2;2025-11-17 22:17:47;19.34
651;19.14;;L B L' B2 F' L2 B' U2 F D2 F2 D2 U2 L2 U' B' L' D B' R D';2025-11-17 22:18:48;19.14
652;18.46;;D' L2 B D R2 F' R' B2 R2 B2 U' R2 D F2 U' L2 B2 U2 B R2;2025-11-17 22:19:29;18.46
653;20.31;;L2 U' D' L' B U R' U' R' L2 D L2 B2 D' F2 R2 D' R2 F2 D2;2025-11-17 22:20:33;20.31
654;22.89;;U F' R2 U' L' F R2 D' L' B2 D L2 U' F2 B2 L2 U2 B2 U2;2025-11-17 22:21:29;22.89
655;14.37;;U2 R' L2 D' B2 D' F2 D2 L2 R2 U' B U L' D2 R' U2 B U2;2025-11-17 22:22:23;14.37
656;19.67;;F' U2 R D L U2 B U2 F2 L D2 R F2 B2 U2 L' B2 D2 L2 U;2025-11-17 22:22:58;19.67
657;20.27;;R2 D R2 B2 R' D2 R2 D2 B2 F2 L' B2 D2 U2 F' L2 R D' B U R2;2025-11-17 22:24:11;20.27
658;16.85;;L2 D B2 L2 D' U2 B2 U R2 D2 B' L R U B' L2 R B' D2 U;2025-11-17 22:24:49;16.85
659;19.03;;D F2 L2 U B2 D L2 D' R2 F2 D F' R' U R U2 B' L' F D' R';2025-11-17 22:27:53;19.03
660;21.93;;U F' L' R' F2 L' F2 U2 R F2 R' U2 B2 U' B2 L B R' F2 R';2025-11-17 22:28:28;21.93
661;14.65;;B2 L' U2 R2 F2 R' U2 L2 D2 B2 R F2 B' U R' U' L2 B' D2 L' R2;2025-11-17 22:29:11;14.65
662;15.29;;L' F L2 B R' U' B' R2 B2 U2 F2 R2 F2 U L2 D R2 B2 U R B;2025-11-17 22:29:43;15.29
663;24.69;;B D2 L2 F2 D2 F2 R2 B2 U2 R' F2 R U' L2 F' R' B U L D2;2025-11-17 22:30:33;24.69
664;26.39;;R' B2 F2 D2 R D2 R' U2 R' B2 D2 R' U' R F' U' B F2 D' R2 U2;2025-11-17 22:31:10;26.39
665;17.57;;D R B' U' R L2 U' R' L' F2 R' D2 F2 D2 B2 L' U2 L' U R';2025-11-17 22:31:51;17.57
666;16.34;;D2 R' B' R2 F2 D' L2 D2 L2 B2 D' F2 U R' F D' B' U' L2 D2;2025-11-17 22:32:27;16.34
667;20.76;;R B2 R2 U' B2 R2 D R2 U L2 U R2 U' R' D2 L D' L' R2 F' R';2025-11-17 22:33:03;20.76
668;19.26;;R2 B2 F2 U' F2 D2 U B2 R2 D L' F' L2 U2 B' R2 B2 U F R';2025-11-17 22:33:35;19.26
669;16.28;;L2 D B2 D2 U B2 U2 R2 B2 L2 F2 R B2 U2 R' B R' D2 L' B2 R2;2025-11-17 22:34:11;16.28
670;20.49;;F2 L2 R2 D B2 D2 U' B2 U' B2 U' F' L2 F L' B L2 R F L;2025-11-17 22:35:18;20.49
671;15.64;;L2 D2 B2 L U' F D2 R' F' L2 F U2 L2 U2 F2 R2 B' U2 F' D;2025-11-17 22:36:03;15.64
672;20.15;;U F2 B' R U' R2 D' L' D2 R2 L2 B2 U2 B D2 F' U2 B D;2025-11-17 22:36:38;20.15
673;21.74;;R' F' D U L2 D' B2 L2 R2 U' B2 U2 L' B' L R2 F R U2;2025-11-17 22:39:29;21.74
674;17.13;;F L2 B' L' D2 L' D2 F2 D L' U2 R' B2 U2 B2 R' D2 F2 R' B2;2025-11-17 22:40:45;17.13
675;14.61;;D' L' B2 U' R2 B2 L2 U L2 D' B2 U2 F L' D R B L2 U R';2025-11-17 22:41:24;14.61
676;19.12;;L' U' B2 F2 D U2 F2 R2 D F2 L' F R B2 F D' R2 D;2025-11-17 22:42:03;19.12
677;18.34;;B' U2 L2 U2 L2 B F2 D2 B' U2 R2 F' L' D F2 D' U L' B2 U;2025-11-17 22:42:57;18.34
678;15.22;;F D F' D' L' F2 B R' D2 R' F2 R' U2 B2 L' U2 F' R2;2025-11-17 22:43:41;15.22
679;18.22;;R2 D' L2 D' R2 D' L2 D R2 U' F2 U2 L R' B F' R' B2 U' B L;2025-11-17 22:44:11;18.22
680;22.95;;F2 D R B2 R F2 R' U2 R2 D2 L2 F2 D' L' B' F2 U F' L2;2025-11-17 22:44:50;22.95
681;16.19;;U2 L' D2 B2 R' F2 U2 R2 D2 L D2 B' D2 U2 R' B' F L F';2025-11-17 22:45:32;16.19
682;20.31;;B D' F' R B L2 B D B' R2 F D2 R2 B R2 U2 D2 F' L2 F L;2025-11-17 22:46:04;20.31
683;23.70;;B D' L2 F2 D L2 U2 L2 F2 D2 F' R' U F D U2 B2 L';2025-11-17 22:46:50;23.70
684;19.59;;F2 D2 R2 B2 D' R2 U2 L2 D' B2 U' F L' R2 D B' R' D2 L' U' F;2025-11-17 22:47:33;19.59
685;14.79;;R' U B' U2 L2 D2 R2 B2 D2 B2 F L2 D2 B' L' F R2 D2 U' B2 D;2025-11-17 22:48:09;14.79
686;14.38;;D' U2 L' R2 B2 F2 R' B2 R D2 U2 F' L' U' F D B2 U' L' R;2025-11-17 22:48:41;14.38
687;21.59;;B F2 D' F2 R2 U2 R2 D' L2 D R D' B U L' F' R' D;2025-11-17 22:50:29;21.59
688;18.48;;D2 F' R2 U2 B2 U2 R2 B D2 B' R2 L' U' B L2 D R D2 F R2;2025-11-17 22:51:23;18.48
689;15.33;;D F2 U' R2 F2 U B2 U F2 D2 B' D2 L R' F2 L' F U' B2 U;2025-11-17 22:51:54;15.33
690;23.36;;R' F' R2 F' L2 R2 F R2 B' L2 F L2 D' R2 F' D F2 L' R' F;2025-11-17 22:52:54;23.36
691;16.87;;U' F2 R D' F U D' F' L F2 D2 R' U2 L B2 D2 F2 U2 L F2;2025-11-17 22:53:32;16.87
692;19.01;;R' D2 U2 R2 B' D2 L2 B' U2 R2 F U2 F D B' U R' B R2 U' B;2025-11-17 22:54:28;19.01
693;19.12;;L U2 R' U2 L2 F2 L U2 F2 L' F2 R B' F2 L U L' U L2 F' D;2025-11-17 22:55:14;19.12
694;16.71;;U' B2 R2 D2 B F2 R2 U2 B' R2 U2 L' D L2 U L' D2 R' D';2025-11-17 22:55:48;16.71
695;19.78;;F2 U L' U' D2 F' R' L U B2 U2 R2 U L2 U' R2 U2 B2 L2 U;2025-11-17 22:56:19;19.78
696;16.94;;B D R U2 L' D F' D B R2 L2 B D2 F R2 F R2 F2 U2 R;2025-11-17 22:57:03;16.94
697;20.99;;B R' B2 D F2 U R2 B2 D L2 F2 D' L2 B R2 U' R B D' U;2025-11-17 22:57:34;20.99
698;13.97;;F L F2 U2 F' R2 U2 F' U2 L2 U2 L2 B2 F2 U' L F2 D L2 B2 D';2025-11-17 22:58:15;13.97
699;15.46;;F2 U' R2 F2 U' B2 F2 R2 D R2 U2 B' D U F' U L R D2 U F;2025-11-17 22:58:47;15.46
700;22.88;;F' L U F' L2 R2 F D2 F' D2 U2 F' R' F' L D F' U2 F';2025-11-17 22:59:17;22.88
701;16.85;;D L2 U2 B F U2 F L2 U2 F' R2 D2 F2 R' F D R F2 U' L D2;2025-11-17 23:00:02;16.85
702;19.43;;U F2 D' F2 R2 U' B2 D' R2 U2 R2 B D R U2 F2 R' F L B R2;2025-11-17 23:00:31;19.43
703;15.80;;D' R2 F U2 F2 D F' R F D2 L B2 D2 L' B2 R B2 U2 R2;2025-11-24 00:08:52;15.80
704;19.46;;R2 U2 F2 R2 D' F2 D' F2 R2 D' U' F L2 B2 D' R D' R U2;2025-11-24 00:09:29;19.46
705;23.02;;F R2 U B2 U B2 F2 U2 R2 F2 D' L2 B2 R F2 L' D B2 F' L2 F';2025-11-24 00:10:07;23.02
706;15.26;;D2 L' D2 F' U2 L2 F2 R2 U2 B2 D2 B' U' F' U L B' L F;2025-11-24 00:11:26;15.26
707;17.50;;F' L2 U' L2 F2 D' L2 F2 D' B2 U L' B' L U' F L U F';2025-11-24 00:12:17;17.50
708;20.71;;B2 U' R L U2 B2 D R' F U2 L2 F2 L2 U F2 D' F2 R2 D2 L2;2025-11-24 00:12:51;20.71
709;14.46;;L' F2 U F2 D' L2 F2 L2 D R2 U' L2 F U R' B' F2 D' U F';2025-11-24 00:13:35;14.46
710;17.13;;U L2 F2 U L2 U2 L2 F2 U B2 U R F2 U L' R U2 F' D2 L' F';2025-11-24 00:14:05;17.13
711;22.22;;F' R' D2 B' U2 F R2 B U2 L2 B' D' R D2 L2 D B2 U';2025-11-24 00:14:36;22.22
712;15.71;;B U F2 L' U' F' D R' U2 R2 U' F2 U F2 R2 D B2 R2 D';2025-11-24 00:15:16;15.71
713;17.63;;D' L U' R2 D' L2 D' L2 F2 U' F2 R2 D F' D L' U R' U2 L';2025-11-24 00:15:47;17.63
714;25.01;;D2 R U2 L B2 U2 L D2 R2 U2 B2 R F' U' B D B' R2 B' U;2025-11-24 00:16:19;25.01
715;22.74;;R' B2 U' D' R U2 B U2 L' U' F2 U2 L2 U2 R2 D' F2 U B2;2025-11-24 00:17:43;22.74
716;13.70;;U2 B F2 L2 D L2 D2 R2 U R2 U' B2 U R' F' U' L2 F2 U2 R D';2025-11-24 00:18:19;13.70
717;16.78;;F2 R B2 R2 U2 B2 L2 U' L2 D2 F2 L2 F D' U' R' U B' L' R2;2025-11-24 00:18:49;16.78
718;15.63;;L2 B' R D' B' U D B' D U2 F2 L' F2 L' F2 L' D2 F2 R' U2 D2;2025-11-24 00:19:24;15.63
719;23.66;;L' B2 F2 L' B2 R' B2 R U2 F2 R B' U L2 D B2 L B L' F' L';2025-11-24 00:20:00;23.66
720;23.49;;L2 R2 D' R2 D2 R2 B2 R2 U L2 U' F' R B D L D R2 F U;2025-11-24 00:20:40;23.49
721;24.61;;D L F2 D' F U' R2 D R' B' U2 F' U2 D2 B' U2 F' L2 U2 L2;2025-11-24 00:21:18;24.61
722;18.34;;R U2 D' B' R' F' B D2 L' U D L2 D' B2 D F2 B2 D L2 B2 R2;2025-11-24 00:22:01;18.34
723;22.21;;R2 D' U2 F' L2 B' D2 B2 D2 U2 R2 U2 B2 F' D' U2 R F2 D' B R';2025-11-24 00:22:57;22.21
724;21.74;;L2 B2 D R2 U2 F2 D F2 D' B2 R2 L' D' F' U2 L2 U' R' B' F2 U;2025-11-24 00:23:42;21.74
725;23.56;;U' R2 U2 R2 B2 L2 D R2 B2 U' B L2 R2 B U' L' D R B;2025-11-24 00:46:39;23.56
726;24.25;;R2 B2 D2 B2 F2 D' R2 U F2 L2 U L' B' D F' U2 L B2 D2 R';2025-11-24 00:47:17;24.25
727;17.89;;B U B R' F' D B' R2 F D2 B2 R2 U R2 U' L2 U2 F2 D;2025-11-24 00:47:55;17.89
728;19.16;;L' F B2 D F2 D R2 U B2 R2 U2 L' D' F U B F' L' D2;2025-11-24 00:48:29;19.16
729;20.14;;F2 U2 L D' R F L F2 D' B U2 R2 B L2 F D2 B D2 B';2025-11-24 00:49:24;20.14
730;24.33;;F' L2 U2 F' L2 F2 R2 U2 B R2 D2 B' L F L R D R2 U F D2;2025-11-24 00:50:00;24.33
731;21.45;;U' F2 U2 F2 L B2 F2 D2 L' B2 U2 D B2 L' F' L D U B';2025-11-24 00:50:49;21.45
732;16.27;;U2 B2 D' F2 U2 L2 B2 U2 R2 F2 D' F' L' F2 D2 R2 B2 L' U' F;2025-11-24 00:51:40;16.27
733;19.80;;D F2 L F' D2 B D2 U2 B R2 B F2 D R' B2 L' F2 D F';2025-11-24 00:52:10;19.80
734;16.46;;B D' B R2 D' U2 R2 U' B2 U B2 U R2 B D U2 L D' R F;2025-11-24 00:52:48;16.46
735;16.83;;B2 F2 D2 R D2 L U2 L D2 R F2 R' D' L2 R D2 F' L' D' U';2025-11-24 00:53:27;16.83
736;19.25;;F R U F D F2 R F2 D2 R2 B U2 B2 L2 B L2 B' D2 R' B;2025-11-24 00:54:18;19.25
737;18.72;;F U B2 R2 F2 L2 D' B2 D' F2 U R2 L F2 U' L' D' R' U B' D';2025-11-24 00:55:01;18.72
738;16.94;;F U' D' F' R L2 B L D F' U R2 F2 L2 B2 D R2 B2 D2 R2 B2;2025-11-24 00:55:32;16.94
739;18.88;;U R2 B2 L2 U' R2 D L2 D2 B2 U' F R B F D2 F D U L';2025-11-24 00:56:01;18.88
740;19.26;;R F U' R' D2 R F2 U' F R2 U L2 F2 R2 D B2 D R2 D2 B2 U';2025-11-24 00:56:42;19.26
741;14.00;;U D R2 U2 B2 R' U L' D2 F' U2 R2 B U2 F D2 L2 F L2 D;2025-11-24 00:58:54;14.00
742;21.47;;R D' F R D' L2 U F' U B2 L' U2 R2 F2 R B2 U2 B2 D2 L2;2025-11-24 00:59:27;21.47
743;20.57;;D F2 D' R2 D L2 U L2 D2 F2 U' L2 F' R' D B L' B' D2 F2 R2;2025-11-24 01:00:34;20.57
744;17.64;;R2 L B D' R2 L' B L2 D2 L' F2 R2 B2 D2 R F2 R' F2 L U F2;2025-11-24 01:01:23;17.64
745;18.82;;R' U2 R' L D R2 F B' R U R2 B R2 U2 F U2 F2 D2 B R2;2025-11-24 01:02:06;18.82
746;18.59;;L D2 B2 R2 U2 L F2 D2 R' U2 R2 U L2 F L2 U2 R' U R2 F U';2025-11-24 01:03:29;18.59
747;16.93;;F2 U' F' L2 F2 L2 U2 R2 F D2 B2 D2 L2 R D B' F' L U F2;2025-11-24 01:04:01;16.93
748;14.08;;R2 U2 F R U' F' D' F U F2 B2 U' B2 R2 U' L2 B2 R2 D L2 B';2025-11-24 01:04:36;14.08
749;18.49;;R' U2 L2 B2 D2 F2 D2 L2 U' R2 D L' U F D R' B R' D2 U;2025-11-24 01:05:08;18.49
750;16.76;;L' D' B2 U L2 F2 R2 D' L2 D2 B D2 F' D2 U F L2 R';2025-11-24 01:05:41;16.76
751;22.52;;U F2 L2 F' L F B2 D' R' L2 U' D2 F2 U D L2 B2;2025-11-24 01:06:10;22.52
752;16.99;;F2 U F L2 R2 F2 R2 D2 F' R2 U2 B' D2 F2 D L' F' R2 B' D L';2025-11-24 01:06:50;16.99
753;13.75;;U R F' L2 D2 B2 D' U2 F L2 B' L2 F2 U2 F U2 F' U2 L;2025-11-24 01:07:22;13.75
754;20.10;;R' F D' B2 U' B2 U L2 R2 F2 R2 U' R D' U' L' B' D L2 B2;2025-11-24 22:32:55;20.10
755;15.56;;L2 B' L2 B' D2 B L2 U2 B' U' B2 L' U' B' D2 B D' L F;2025-11-24 22:33:35;15.56
756;19.17;;L B2 U B2 U2 L F2 R' U2 B2 R B2 L' R' B R' F' D R U' L;2025-11-24 22:34:18;19.17
757;18.61;;D2 R2 D2 F2 L F2 R' F2 D2 U2 L' F L' B D' L' B R2 U' B D;2025-11-24 22:35:28;18.61
758;19.77;;L' U2 F2 D2 F2 R2 F' L2 D2 F L U2 R2 B' R' F' D B';2025-11-24 22:36:05;19.77
759;21.89;;F R L2 D2 L2 F2 U2 F L2 U2 R2 D2 F' U2 R B2 R2 U' L' D' R;2025-11-24 22:39:00;21.89
760;15.96;;U' L2 D L2 U B2 D2 L2 B2 D' L R' B U B2 F' L' F L F;2025-11-24 22:39:36;15.96
761;17.79;;R2 U2 B U2 B D2 F D2 U2 L2 B2 F R' D' U' F R U F2 L' R;2025-11-24 22:40:06;17.79
762;21.51;;U R' D2 L2 D2 F2 R U2 R B2 L2 B2 D2 B R' D' F U2 R' U' B';2025-11-24 22:40:37;21.51
763;26.68;;L F' L2 F2 L2 R2 D2 B U2 F2 R2 U2 L B D B' R2 D' R F' D';2025-11-24 22:41:12;26.68
764;16.38;;D L2 F' D2 R2 D2 B2 L2 U2 R2 D2 F' D L2 R B' L U R2 F2 D';2025-11-24 22:43:02;16.38
765;20.45;;F' R U2 L U L' B' U' L2 D' B2 D' R2 B2 D2 B2 U' B2 F U';2025-11-24 22:43:31;20.45
766;15.45;;B L2 U' R' D' L F U' R2 F2 U' B2 U' B2 D L2 F2 U2 F' D';2025-11-24 22:44:07;15.45
767;17.50;;R2 U' D' F2 R D F2 B' D' R2 F U2 B2 U2 L2 F B' R2 U2 F' R2;2025-11-24 22:46:22;17.50
768;17.92;;L2 U2 F2 L2 U2 B2 F D2 B L2 U2 D L2 B' U' R D B2 L' U R;2025-11-24 22:47:23;17.92
769;18.88;;F L2 B U2 L2 R2 F R2 D2 B U2 F2 D U2 F' U L R2 F' D L2;2025-11-24 22:48:21;18.88
770;21.56;;B2 D2 U2 F' L2 B' D2 U2 R2 U2 B2 R F' L' U F' R' B' L2 D L2;2025-11-24 22:48:54;21.56
771;17.76;;F2 D2 B U2 F' U2 F2 L2 F L2 F2 R' D' L' D' L B' F R;2025-11-24 22:50:10;17.76
772;24.16;;D' F U D2 R D2 B' L2 U' D2 F U2 B' L2 U2 D2 F D2 F' B' R2;2025-11-24 22:50:49;24.16
773;25.82;;F U' B U F2 R F R' B2 D2 B2 R' F2 R' U2 R' U2 B2 R' F;2025-11-24 22:51:38;25.82
774;16.53;;B' U2 B R' F' B' R L' U' F2 R2 B' D2 F' D2 B' U2 B R2 D2;2025-11-24 22:52:19;16.53
775;19.61;;D' R2 D2 L2 F2 L2 R2 U' L2 B2 R2 D B' D R F D2 R2 F' R' D';2025-11-24 22:52:52;19.61
776;24.60;;R2 L U R' F L B U D B U2 R2 B R2 B2 L2 D2 R2 F' D2 L2;2025-11-24 22:55:33;24.60
777;14.94;;R2 B R2 F' D' F' U2 R L2 F2 L2 D R2 B2 U B2 R2 B2 D2 L;2025-11-24 22:56:14;14.94
778;15.63;;F2 D L' D' B2 D' L2 F2 U L2 D2 F2 U' F U L R' B' F' L';2025-11-24 22:56:41;15.63
779;18.73;;B2 R2 B F D2 L2 R2 F L2 B' D F R B' R2 F' U B R2;2025-11-24 22:57:29;18.73
780;16.03;;R' B2 D B2 U B2 U' L2 B2 U' B R2 U F2 D R' B2 D L;2025-11-24 22:58:03;16.03
781;22.37;;D' L F' U2 R2 B R2 B L2 B2 D2 L2 B L2 R' D' B' R U L' B';2025-11-24 22:58:33;22.37
782;14.87;;F U2 F' L2 F R2 B' D2 L2 D2 U2 F' U' L D U' L' B' D2 R2 B';2025-11-24 22:59:07;14.87
783;20.53;;D2 B U2 F U2 B2 F' R2 U2 B' R2 D L U F2 D2 F L' D2 R2 F2;2025-11-24 22:59:36;20.53
784;20.37;;R' D R' U' R U' D L D2 F2 L2 U2 L2 B U2 F' B2 U2 F2 R2;2025-11-24 23:00:16;20.37
785;16.82;;D2 L' U2 L' B2 L R2 D2 R D2 U2 F R' U F D' R' B' F D2;2025-11-24 23:02:54;16.82
786;19.84;;U L' U2 B' D2 U2 L2 F R2 F2 R2 B' R' F' R2 U' F L';2025-11-24 23:03:27;19.84
787;17.79;;F2 R D' R2 L2 D' F U R2 U2 D L2 D B2 U' R' U;2025-11-24 23:04:01;17.79
788;19.00;;D2 F U' D L D B' D2 F2 R' D2 R' B2 R L D2 B' D';2025-11-24 23:04:33;19.00
789;18.56;;D F2 L2 R2 D' L2 U' L2 U2 L2 D2 B U2 B2 U' F' D2 L' R' U' R2;2025-11-24 23:05:06;18.56
790;14.61;;B' R U2 R2 F' D2 U2 R2 D2 B F2 D2 B F' D' F2 L' U' R' D B;2025-11-24 23:05:41;14.61
791;18.91;;F D2 U2 R2 U2 B' L2 F' D2 F R2 L F D' B' L D2 R2 U' F';2025-11-24 23:06:08;18.91
792;21.14;;B2 L2 U B2 R2 U2 B2 D U2 B2 L' R U' L' D B' L F2 D U2;2025-11-24 23:06:41;21.14
793;28.09;;F B R F' R F B2 U L2 U B2 U2 L2 B2 D2 R2 D L' B';2025-11-24 23:07:15;28.09
794;18.22;;U' L2 U2 L' B2 R F2 L2 D2 F2 L D2 R B D U' B R2 B' D2 U2;2025-11-24 23:08:08;18.22
795;17.97;;U' L' D' R2 B2 R2 U' F2 D' F2 U L2 B2 U' B D' R U2 L U' L;2025-11-24 23:08:38;17.97
796;16.52;;F L2 F' R2 D2 B F2 U2 B' L2 U2 D' B' U L2 F2 D2 F' R' F;2025-11-24 23:09:16;16.52
797;17.77;;R B2 U L2 D R2 U2 F2 R2 U F2 L U' B2 L2 B D' B2 F' R;2025-11-24 23:09:46;17.77
798;14.00;;U R D' F' D' L2 F R L D2 L U2 F2 R2 L U2 D2 R U' R;2025-11-24 23:10:18;14.00
799;19.48;;R' D2 L2 F2 D2 L' D2 L' D2 R B2 U2 B' L2 U L' F D2 L2 R B;2025-11-24 23:10:50;19.48
800;18.05;;R2 U2 R2 F R2 F2 D2 L2 F R2 L' F D' L B L' D' L' B U2;2025-11-24 23:11:25;18.05
801;26.66;;D F' U2 L2 F2 L2 B2 R2 D2 F' L2 D2 L F U F2 L' U2 L B;2025-11-25 20:24:25;26.66
802;18.74;;L' B' F2 R2 D2 L2 U2 F2 U' R2 U2 B' D F U R D L B';2025-11-25 20:25:06;18.74
803;22.40;;L2 B2 U2 L2 R2 D' L2 U L2 U2 F2 U' F' R' F R2 F' U' B2 L2 U2;2025-11-25 20:25:48;22.40
804;19.39;;F R' U2 B L' B U' B2 L B D2 B' D2 R2 B2 U2 R2 B' L2 B2;2025-11-25 20:26:27;19.39
805;19.49;;F' R B2 L2 D2 F' R2 U2 B R2 F2 D2 F D' R' U' R2 B R' U2;2025-11-25 20:27:22;19.49
806;22.41;;B2 R2 F' U2 F' U2 L2 B' R2 L' D' U' F' R' B' L' B U L2;2025-11-25 20:27:54;22.41
807;19.45;;D2 U F R2 D2 F' L2 F2 D2 L2 U2 F' R' D U2 R' D' U' F';2025-11-25 20:28:31;19.45
808;21.47;;L R B2 L D2 U2 L U2 L B2 D' L' R F' L R2 B F';2025-11-25 20:29:07;21.47
809;16.72;;U L2 D R2 D U2 L2 F2 R2 F2 U' L' D U' R B F D' L' F' D;2025-11-25 20:29:47;16.72
810;17.11;;F' L' B' U' L' B D' F' U' R2 B2 D2 R2 F2 D2 L2 D R2 B2 D2 L;2025-11-25 20:30:26;17.11
811;17.41;;L2 F2 D' F2 U L2 R2 D F2 D2 B' U2 F D' L2 F' U2 L' U' F2;2025-11-25 20:30:58;17.41
812;19.49;;B2 D B2 D' F2 R2 B2 L2 U2 F2 D' B' U2 F L U F' D F D F2;2025-11-25 20:31:33;19.49
813;23.27;;F2 D2 U2 L2 B U2 F D2 F' L2 F L' U2 B L2 U' B' D2 B;2025-11-25 20:32:06;23.27
814;22.90;;L2 R2 B2 D U2 F2 R2 D2 L2 F2 R2 D' B U R' F L' D' R F U2;2025-11-25 20:32:42;22.90
815;27.70;;B D' B' U2 F L2 F' L2 F D2 B L2 F U F D' L R' U L2 R2;2025-11-25 20:33:25;27.70
816;18.71;;D B2 R' D2 B2 R2 F2 R' B2 L' B2 U2 L' D B' D' F' D' U' F R';2025-11-25 20:34:14;18.71
817;14.92;;B2 R2 U L' B U' R' B D B2 L2 U' F2 B2 R2 U' D2 B2 D R2 B';2025-11-25 20:34:51;14.92
818;19.51;;L F2 L B2 L' U2 R' B2 R' U2 F2 L U L2 F U B2 D L D2 B;2025-11-25 20:35:23;19.51
819;24.21;;F' D2 B2 L2 R2 B L2 U2 F' L2 B U' F2 U R' D F L' D' B' F';2025-11-25 20:36:02;24.21
820;26.87;;B2 U2 L2 D2 L2 B2 D U R2 U B' D2 U B2 L D R2 B2 F R';2025-11-25 20:36:45;26.87
821;18.45;;L' F B2 U L2 B2 R2 U' B2 F2 U' L2 D2 B D B U' R' D B;2025-11-25 20:38:05;18.45
822;16.25;;D F2 L' B2 D2 R2 D2 F2 L' U2 R B2 L F' R' D U F' R2 F' U';2025-11-25 20:38:38;16.25
823;18.90;;L F2 U2 R U' D B' U' F' B2 D2 L' B2 R' B2 R2 U2 R' F2 R' B2;2025-11-25 20:39:15;18.90
824;20.68;;F2 U' L2 B2 D R2 U' L2 B2 D B2 U2 B F2 L2 B R' F2 U' B' F';2025-11-25 20:39:49;20.68
825;16.83;;D L2 F' R' L F' L' U2 B2 U R2 U' R2 F2 D2 L2 F2 D B2 L U2;2025-11-25 20:40:30;16.83
826;19.59;;F' U2 F2 R2 D B2 U2 F2 R2 D F2 U2 F2 R' D2 L F2 U2 B D2 B';2025-11-25 20:41:03;19.59
827;16.86;;U R2 F2 R2 U' B2 D2 R2 D' R2 B L2 F' L' U R D' L' B2 F;2025-11-25 20:41:43;16.86
828;16.58;;L2 U' F2 D' F2 L2 U' F2 U B2 L D' U' B F' L' U2 F2 R F;2025-11-25 20:42:14;16.58
829;16.48;;F2 B' U' L' U R2 U' B' U' L2 U2 R2 B2 R2 L2 D R2 U R2 L2;2025-11-25 20:42:42;16.48
830;22.72;;B R U' L2 B' L2 U2 L' D F2 U2 R2 B2 L2 B' D2 F' U2 F U2 L2;2025-11-25 20:43:18;22.72
831;15.83;;U2 F2 L2 U2 R' F2 R' B2 L' R2 D2 B' U F' D' U2 R' B R F2 R2;2025-11-25 20:43:55;15.83
832;18.92;;L2 D2 F' D2 U2 L' F2 L B2 R U2 L' U2 F2 U' R' D U' B' U F;2025-11-25 20:44:24;18.92
833;20.73;;U2 B D' F2 L2 R2 D R2 F2 R2 F2 D B' R U' B2 L R F L;2025-11-25 20:44:56;20.73
834;17.69;;L' D2 L2 R' D2 F2 L' R2 U2 R' B2 U' B2 D B' D2 L' B F L;2025-11-25 20:45:46;17.69
835;15.83;;U2 D2 L' U B' D' R2 L' B R2 U' R2 F2 U F2 U' L2 D' R2 U';2025-11-25 20:46:17;15.83
836;14.72;;R' F2 B' U' F D B F2 L' F2 R' F2 U2 F2 B2 R' B2 R U2 F' R2;2025-11-25 20:46:46;14.72
837;21.35;;D F2 U2 L2 F2 D U' B2 D R2 F U2 B' D2 L D2 B' L' D F';2025-11-25 20:47:18;21.35
838;21.98;;R F' R' U2 B2 R D2 F2 R2 U2 L2 U2 R U' R' D U2 F' R' B2;2025-11-25 20:47:55;21.98
839;17.05;;L' F2 R' B2 R' D2 R F2 R2 F2 R B D2 F L2 D L' B R' U';2025-11-25 20:48:29;17.05
840;14.80;;B2 R2 D2 F' R' L' B' D' R' F L2 U2 D2 B R2 F' L2 F U2 F';2025-11-25 20:49:00;14.80
841;15.12;;B' D R' U L2 B2 U2 B2 U2 F2 D' F2 L2 D' B R' F' L R B2 D2;2025-11-25 20:49:27;15.12
842;15.24;;R2 D' L2 U2 D F' L' D2 L2 D R2 B2 L2 B2 U R2 U2 L' D;2025-11-25 20:49:57;15.24
843;22.87;;L2 R2 F2 R2 D2 U2 B D2 L2 F' L2 U' L2 U' F' D U L R2 D' R';2025-11-25 20:50:43;22.87
844;17.66;;F L B U2 B R2 U' F L' R2 D' F2 R2 U' L2 D R2 F2 D2 L2;2025-11-25 20:51:28;17.66
845;14.44;;F' D2 B D2 F' D2 L2 D2 B' L2 R2 F' L' U B2 D2 L' D R2 D' B';2025-11-25 20:52:00;14.44
846;14.46;;U' F2 U2 B L2 F' U2 L2 R2 F D2 R2 B2 D' R' U2 B D2 F2 D R;2025-11-25 20:52:33;14.46
847;21.18;;L2 U' F2 U L2 B2 F2 D B2 L2 B2 F U' F' U2 L' R' F' D U' B;2025-11-25 20:53:04;21.18
848;17.45;;F2 U B2 D2 F2 D R2 D2 L2 B2 L' D' R' U R2 B D2 F' R2 D2;2025-11-25 20:53:41;17.45
849;19.43;;D2 F' U' D2 R D' R2 F D U2 B' U2 B' U2 L2 F' U2 F R2 U2 F;2025-11-25 20:54:14;19.43
850;18.21;;B' U L' B2 U2 D' F' L' U2 B2 D R2 D F2 U2 L2 U' R2 D B R2;2025-11-25 20:54:53;18.21
851;22.93;;B2 D' R2 D2 R2 U' L2 B2 U2 F2 U' R2 B L' F' D L' R2 U' L' B;2025-11-25 20:55:26;22.93
852;23.57;;R' B2 U' B2 L2 U F2 D B2 D' U2 R2 L F' L' R' F' R2 D2 R';2025-11-25 20:56:04;23.57
853;23.14;;U' B L2 F2 R2 U R2 D' U2 B2 D2 U F' L R2 D' B2 R U;2025-11-25 20:56:43;23.14
854;21.11;;F2 L2 B2 U' R2 D2 U' R2 F2 D U2 L' D2 U B U' R2 U' B R';2025-11-25 20:57:22;21.11
855;22.57;;U' R2 U' F2 R2 D2 U' F2 U L2 R B' U' L R' F' U2 B' F2 R';2025-11-25 20:59:14;22.57
856;19.13;;B2 L2 R B2 U2 L D2 U2 L2 U2 R F2 B L' B' D' B R' F2 R F;2025-11-25 20:59:51;19.13
857;19.45;;B R' U2 B D2 U2 R2 B R2 B D2 F' L2 F' D' R' U R B D2;2025-11-25 21:00:29;19.45
858;21.87;;F L' F' U' F' B' D R' F U2 R' U2 L' B2 D2 L B2 D2 R' D2 F2;2025-11-25 21:01:07;21.87
859;17.10;;L2 D R2 U R2 D2 F2 U R2 F2 L' B R2 F' L2 R' F L2 R2 D';2025-11-25 21:01:55;17.10
860;14.82;;R2 F2 B D R' F2 D F U F2 R2 U F2 U2 R2 F2 R2 B2 U F2 L;2025-11-25 21:02:29;14.82
861;20.03;;F2 D2 R2 D' R2 U' R2 B2 D' R2 U F R2 U L B F' D' F2 U;2025-11-27 14:59:01;20.03
862;17.88;;R' L F' U2 R L' B' R D' F R2 U2 L2 D2 B' D2 F' U2 D2;2025-11-27 14:59:52;17.88
863;14.72;;R2 F L D2 R F' L2 D B R U2 L D2 F2 L F2 R' D2 B2 L;2025-11-27 15:00:26;14.72
864;17.47;;L' D2 B' L2 F R2 D2 B2 F' D2 L2 F U2 D' F' U2 F' L U' B D;2025-11-27 15:01:00;17.47
865;17.48;;L' B2 U2 L U' B' U F R F2 D L2 U D2 F2 U R2 U2 R2 L2;2025-11-27 15:01:50;17.48
866;17.74;;U' F2 R' D2 R B2 D2 R2 U2 L2 F2 D2 L' B' F D U F' R F' R';2025-11-27 15:02:21;17.74
867;25.21;;D U2 F2 R2 F' R2 B R2 U2 F' U2 B2 D2 R' F2 U' B D' F2 U2 R;2025-11-27 15:04:18;25.21
868;25.40;;R D' L2 D2 B' U' R2 L D L D2 R D2 R' D2 F2 B2 L' U2 D2 B2;2025-11-27 15:04:59;25.40
869;26.12;;R' B F2 R2 F2 R2 U' F2 D R2 D2 U' L F' U' R F2 R2 U2 F';2025-11-27 15:08:32;26.12
870;25.10;;F2 R' B2 L2 U L2 D2 L2 D' L2 D' R2 D' B2 L' D2 R' B' D2 F R;2025-11-27 15:09:20;25.10
871;23.69;;U2 L2 R2 D' R2 D' U2 L2 U2 B2 L2 F2 L B' D' B' F' R' D2 L F2;2025-11-27 15:10:04;23.69
872;20.40;;R D F2 R B2 L2 F2 U2 L2 D2 F2 L' U2 L U' L2 F' U' R B R';2025-11-27 15:10:43;20.40
873;15.84;;F U2 B2 U2 L' D' R' U2 R2 F2 U2 F U2 B U2 L2 B' D;2025-11-27 15:11:17;15.84
874;15.06;;U' R D' L2 D F R' B D F U2 F' L2 F U2 R2 B' L2 U2 B2 L2;2025-11-27 15:11:48;15.06
875;16.55;;R2 F R2 D2 L2 D2 R2 F2 L2 F D2 B2 L' U' F' R B2 L B' U2;2025-11-27 15:12:22;16.55
876;17.85;;L2 U F' R2 U' F R' D' R2 U' R2 F2 U' B2 U' B2 U' B2 D' F D';2025-11-27 15:12:53;17.85
877;18.07;;F' L B2 U2 B2 U' R2 D2 F2 D L2 U L F2 L D2 B' U' R;2025-11-27 15:13:25;18.07
878;16.81;;L B2 L B2 U2 B2 L' F2 R D2 B2 F L' B2 F2 D' U' R' B R2 F;2025-11-27 15:14:04;16.81
879;26.22;;D' B2 F2 L F2 L D2 B2 R' B2 F2 U2 F' D B L2 U' R' B';2025-11-27 15:14:41;26.22
880;16.87;;U2 R2 B' D2 B U2 F' U2 F D2 U2 R2 D' L R' B U' R' D' F D2;2025-11-27 15:16:09;16.87
881;22.07;;R' B2 D2 U' F2 D' F2 L2 B2 U2 B2 F2 R' F D B2 L2 F U L2 U';2025-11-27 15:16:42;22.07
882;16.37;;F U' F2 L2 F2 R' D2 B2 U2 F2 L D2 R U' L B D F' U2 R' U2;2025-11-27 15:17:17;16.37
883;20.86;;L' B' L2 B2 D2 F R2 U2 L2 R2 F D2 R U B L2 B2 R' F2 U;2025-11-27 15:18:07;20.86
884;22.73;;U2 L2 B D2 U2 R2 U2 B' U2 B U2 F' L' U2 R2 F2 U B F2 L2 F';2025-11-27 15:18:45;22.73
885;20.96;;U' R' F' D2 U2 F' U2 R2 U2 F2 R' B' R B' L' D' B';2025-11-27 15:19:19;20.96
886;17.75;;R' D B2 D2 F2 U' R2 F2 L2 D L2 R' B D B' F2 U' F2 L;2025-11-27 15:19:55;17.75
887;16.01;;U F' D2 R D2 L2 F2 L' D2 B2 R F2 L2 D' R B2 F D R2 F';2025-11-27 15:20:43;16.01
888;15.76;;D2 F U2 D' F L' B2 D' R2 F2 U2 R2 U2 L' B2 U2 F2 B2 L2 F;2025-11-27 15:21:14;15.76
889;24.54;;F U F2 D2 F2 R2 U F2 D' R2 U B2 U L' D' U' B' D R2 D2 U';2025-11-27 15:21:43;24.54
890;20.16;;F2 D' R' D L2 U B2 U' R2 U B2 R2 U2 L B F' R' F' U2 L;2025-11-27 15:22:36;20.16
891;18.19;;B2 U2 F' U2 B U2 R2 B2 F U2 F' R2 D L' R2 D F' D2 U2 B' U2;2025-11-27 15:23:45;18.19
892;19.98;;B2 F2 U F2 D2 L2 U' L2 U' L2 B' F D B U2 R2 F R U2;2025-11-27 15:24:47;19.98
893;21.17;;U L' D L F' U' R D' B' R2 U' F2 U F2 D2 B2 D' F2 U;2025-11-27 15:25:25;21.17
894;17.59;;D2 B' F2 L2 R2 D F2 U L2 D2 U' F2 R D' B' U' L' D' F' R2;2025-11-27 15:26:00;17.59
895;23.90;;F2 R2 B R2 F' D2 R2 B L2 U2 F R' B D U L2 F' U' B D' L';2025-11-27 15:26:53;23.90
896;15.38;;R' B' D2 B2 D2 R' D2 B2 L' B2 L2 R F2 D2 F' U L F U2 F U';2025-11-27 15:27:32;15.38
897;19.00;;D2 B R' B2 U' B2 D' R2 D2 U2 B2 L2 R2 F' L' D' U R2 D B';2025-11-27 15:28:02;19.00
898;14.00;;R F2 D L2 B2 U' F2 D' L2 F2 U B U2 F D F2 R' D2 L2 F2;2025-11-27 15:28:38;14.00
899;15.13;;B' U' F' D B L2 F D F' R B2 L' U2 R D2 R' D2 L' U2 L' D2;2025-11-27 15:29:12;15.13
900;15.66;;B' D U L2 R2 B2 U' F2 R2 F2 B' U R2 B2 F' U2 L' B;2025-11-27 15:29:40;15.66